student_id,gpa
1001,4.21
1002,4.77
1003,3.42
1004,3.51
1005,3.89
1006,3.14
1007,4.34
1008,3.79
1009,3.48
1010,3.32
1011,
1012,2.96
1013,
1014,3.71
1015,3.45
1016,2.7
1017,4.49
1018,2.95
1019,3.85
1020,3.06
1021,3.73
1022,3.72
1023,3.44
1024,3.69
1025,3.39
1026,3.67
1027,3.47
1028,3.57
1029,3.47
1030,3.6
1031,3.33
1032,3.8
1033,3.1
1034,3.15
1035,3.35
1036,4.01
1037,4.03
1038,3.49
1039,2.84
1040,3.55
1041,3.54
1042,4.21
1043,3.38
1044,3.63
1045,3.46
1046,4.2
1047,3.82
1048,2.55
1049,3.6
1050,3.51
1051,3.56
1052,3.75
1053,3.25
1054,4.37
1055,3.11
1056,3.32
1057,3.52
1058,3.5
1059,3.53
1060,3.1
1061,3.78
1062,3.84
1063,3.74
1064,3.52
1065,3.87
1066,2.94
1067,3.86
1068,3.63
1069,3.98
1070,4.22
1071,4.01
1072,3.93
1073,3.38
1074,3.81
1075,3.33
1076,3.96
1077,4.49
1078,3.54
1079,3.51
1080,3.44
1081,3.76
1082,3.43
1083,4.0
1084,3.64
1085,3.32
1086,3.06
1087,3.48
1088,2.92
1089,3.37
1090,4.09
1091,2.94
1092,3.08
1093,3.69
1094,3.38
1095,3.27
1096,4.05
1097,3.48
1098,3.49
1099,3.48
1100,2.8
1101,4.08
1102,3.75
1103,3.91
1104,3.16
1105,3.8
1106,3.71
1107,2.93
1108,3.52
1109,3.14
1110,3.7
1111,3.75
1112,3.85
1113,3.52
1114,3.98
1115,3.23
1116,4.25
1117,3.15
1118,3.02
1119,3.83
1120,3.43
1121,3.55
1122,3.5
1123,3.07
1124,3.1
1125,3.41
1126,2.97
1127,3.93
1128,3.2
1129,3.25
1130,3.41
1131,3.72
1132,3.21
1133,3.46
1134,3.27
1135,3.5
1136,3.37
1137,3.77
1138,2.89
1139,3.9
1140,3.6
1141,3.55
1142,3.38
1143,4.02
1144,3.54
1145,2.85
1146,3.54
1147,3.49
1148,2.73
1149,3.72
1150,3.1
1151,3.46
1152,3.75
1153,3.34
1154,3.3
1155,3.47
1156,3.0
1157,4.5
1158,2.66
1159,3.87
1160,3.52
1161,3.41
1162,4.26
1163,3.46
1164,3.62
1165,4.27
1166,3.21
1167,3.33
1168,3.16
1169,3.37
1170,3.8
1171,2.75
1172,3.47
1173,3.15
1174,3.59
1175,3.71
1176,3.41
1177,4.08
1178,3.9
1179,3.34
1180,4.03
1181,3.69
1182,3.26
1183,
1184,4.16
1185,3.7
1186,3.62
1187,3.36
1188,3.87
1189,2.98
1190,4.12
1191,3.67
1192,3.63
1193,3.76
1194,3.71
1195,3.2
1196,2.84
1197,3.23
1198,4.0
1199,4.19
1200,3.25
1201,3.37
1202,3.92
1203,2.99
1204,3.52
1205,3.79
1206,3.25
1207,3.56
1208,3.67
1209,3.65
1210,3.6
1211,3.29
1212,4.28
1213,3.34
1214,3.57
1215,3.26
1216,4.28
1217,3.09
1218,3.36
1219,3.66
1220,2.98
1221,3.51
1222,3.22
1223,3.7
1224,3.74
1225,3.94
1226,3.41
1227,3.49
1228,3.22
1229,3.75
1230,4.26
1231,3.64
1232,4.13
1233,3.58
1234,3.27
1235,3.34
1236,3.33
1237,3.42
1238,3.55
1239,3.18
1240,2.9
1241,3.97
1242,3.88
1243,3.72
1244,3.47
1245,2.72
1246,3.88
1247,3.29
1248,3.06
1249,3.09
1250,3.96
1251,2.39
1252,4.03
1253,3.63
1254,3.01
1255,3.79
1256,3.16
1257,3.4
1258,4.17
1259,3.22
1260,3.05
1261,3.23
1262,4.14
1263,3.51
1264,3.95
1265,3.07
1266,3.75
1267,3.65
1268,3.21
1269,3.85
1270,3.79
1271,4.43
1272,3.5
1273,3.55
1274,3.5
1275,3.89
1276,3.79
1277,3.3
1278,3.47
1279,2.81
1280,3.35
1281,3.7
1282,3.32
1283,3.49
1284,4.14
1285,2.92
1286,3.31
1287,3.33
1288,3.34
1289,3.74
1290,3.99
1291,3.15
1292,3.64
1293,3.5
1294,3.3
1295,3.58
1296,4.04
1297,3.44
1298,3.95
1299,3.47
1300,3.57
1301,3.34
1302,3.66
1303,3.5
1304,3.32
1305,3.51
1306,3.51
1307,3.95
1308,2.78
1309,3.59
1310,3.15
1311,2.69
1312,3.19
1313,3.43
1314,3.39
1315,4.0
1316,3.73
1317,3.56
1318,3.65
1319,3.12
1320,3.46
1321,4.17
1322,3.62
1323,3.41
1324,3.94
1325,3.46
1326,3.97
1327,
1328,3.74
1329,3.58
1330,3.09
1331,4.36
1332,3.47
1333,3.25
1334,4.63
1335,2.86
1336,3.54
1337,4.16
1338,4.13
1339,3.32
1340,2.08
1341,3.74
1342,2.95
1343,3.53
1344,3.57
1345,3.89
1346,2.99
1347,3.14
1348,2.71
1349,3.8
1350,3.57
1351,3.11
1352,4.01
1353,3.6
1354,3.26
1355,2.72
1356,3.25
1357,3.48
1358,3.58
1359,3.56
1360,4.36
1361,2.88
1362,3.18
1363,3.67
1364,3.03
1365,3.29
1366,4.16
1367,2.98
1368,3.86
1369,3.49
1370,4.01
1371,3.53
1372,3.27
1373,4.17
1374,3.3
1375,3.41
1376,2.8
1377,3.34
1378,
1379,3.47
1380,3.79
1381,3.64
1382,3.83
1383,3.43
1384,3.16
1385,3.71
1386,3.34
1387,3.31
1388,4.06
1389,3.3
1390,4.04
1391,3.65
1392,3.69
1393,3.74
1394,3.16
1395,3.67
1396,
1397,3.25
1398,3.72
1399,3.51
1400,3.75
1401,3.27
1402,4.16
1403,3.01
1404,
1405,3.98
1406,3.12
1407,4.14
1408,4.07
1409,4.02
1410,3.79
1411,3.7
1412,3.9
1413,4.13
1414,3.77
1415,3.22
1416,3.54
1417,3.85
1418,3.58
1419,2.7
1420,2.67
1421,3.38
1422,3.61
1423,2.99
1424,2.45
1425,3.29
1426,4.18
1427,3.24
1428,3.55
1429,4.39
1430,3.42
1431,3.47
1432,3.56
1433,3.7
1434,3.02
1435,3.49
1436,3.69
1437,2.99
1438,3.44
1439,3.76
1440,3.22
1441,3.59
1442,3.57
1443,3.34
1444,3.65
1445,2.58
1446,3.65
1447,3.98
1448,4.28
1449,3.89
1450,3.16
1451,3.89
1452,3.43
1453,2.6
1454,2.74
1455,3.16
1456,2.53
1457,3.23
1458,3.62
1459,4.02
1460,3.3
1461,3.85
1462,3.73
1463,4.26
1464,3.0
1465,2.98
1466,3.69
1467,3.69
1468,3.95
1469,3.16
1470,3.53
1471,3.57
1472,3.72
1473,3.19
1474,3.79
1475,3.26
1476,3.44
1477,3.61
1478,3.01
1479,2.84
1480,3.91
1481,3.76
1482,3.1
1483,3.42
1484,3.3
1485,3.57
1486,2.91
1487,3.79
1488,2.9
1489,3.79
1490,3.82
1491,2.18
1492,3.57
1493,3.51
1494,2.9
1495,3.64
1496,3.67
1497,2.86
1498,3.95
1499,4.21
1500,3.22
1501,3.46
1502,3.81
1503,3.1
1504,3.17
1505,2.91
1506,3.53
1507,3.18
1508,3.25
1509,
1510,3.26
1511,3.19
1512,3.55
1513,3.4
1514,3.97
1515,3.23
1516,4.14
1517,3.69
1518,3.98
1519,3.47
1520,4.47
1521,3.65
1522,3.0
1523,2.7
1524,3.61
1525,3.53
1526,3.71
1527,3.45
1528,3.48
1529,3.18
1530,2.84
1531,3.13
1532,2.85
1533,3.42
1534,3.09
1535,3.36
1536,3.22
1537,3.89
1538,3.77
1539,3.81
1540,3.53
1541,3.15
1542,3.5
1543,3.54
1544,3.33
1545,3.48
1546,3.64
1547,3.4
1548,2.54
1549,3.03
1550,3.39
1551,4.03
1552,3.62
1553,3.94
1554,4.02
1555,3.67
1556,3.64
1557,3.57
1558,3.74
1559,4.14
1560,4.1
1561,3.44
1562,3.05
1563,4.01
1564,3.22
1565,3.39
1566,3.16
1567,
1568,3.8
1569,3.73
1570,3.06
1571,3.8
1572,4.31
1573,4.4
1574,3.5
1575,3.68
1576,3.45
1577,3.81
1578,3.74
1579,3.35
1580,2.57
1581,3.77
1582,2.67
1583,2.98
1584,3.9
1585,2.81
1586,2.93
1587,3.92
1588,3.41
1589,3.31
1590,3.33
1591,3.49
1592,3.16
1593,3.2
1594,3.15
1595,
1596,3.73
1597,3.03
1598,2.98
1599,3.58
1600,3.24
1601,3.5
1602,3.91
1603,3.16
1604,3.52
1605,3.48
1606,4.14
1607,3.62
1608,3.44
1609,2.43
1610,3.41
1611,2.96
1612,3.87
1613,3.62
1614,3.13
1615,4.1
1616,3.71
1617,3.39
1618,3.49
1619,3.52
1620,3.05
1621,3.5
1622,2.92
1623,3.89
1624,3.55
1625,4.0
1626,3.48
1627,3.53
1628,3.93
1629,3.97
1630,2.91
1631,3.94
1632,3.35
1633,3.47
1634,3.46
1635,2.9
1636,3.69
1637,2.61
1638,3.37
1639,4.22
1640,3.54
1641,3.78
1642,2.78
1643,3.61
1644,3.39
1645,3.33
1646,3.38
1647,2.97
1648,3.52
1649,3.0
1650,3.75
1651,3.9
1652,3.24
1653,3.68
1654,3.34
1655,3.86
1656,3.95
1657,3.63
1658,3.47
1659,3.49
1660,2.73
1661,2.92
1662,3.29
1663,3.27
1664,2.94
1665,4.0
1666,3.65
1667,3.82
1668,3.71
1669,3.2
1670,3.31
1671,2.58
1672,3.14
1673,4.08
1674,4.01
1675,3.58
1676,3.02
1677,3.74
1678,3.0
1679,3.5
1680,3.36
1681,3.39
1682,3.56
1683,3.14
1684,2.86
1685,2.71
1686,3.76
1687,3.41
1688,3.49
1689,3.59
1690,2.76
1691,3.69
1692,3.79
1693,3.39
1694,3.71
1695,3.71
1696,3.1
1697,3.53
1698,3.97
1699,3.29
1700,3.47
1701,3.55
1702,3.5
1703,3.0
1704,3.28
1705,3.39
1706,3.19
1707,3.25
1708,3.12
1709,3.36
1710,3.11
1711,3.29
1712,3.41
1713,3.62
1714,3.41
1715,2.87
1716,3.61
1717,3.53
1718,3.38
1719,3.5
1720,3.35
1721,3.23
1722,3.65
1723,3.34
1724,3.26
1725,3.48
1726,3.93
1727,3.4
1728,3.71
1729,4.03
1730,3.71
1731,3.24
1732,3.81
1733,3.9
1734,2.96
1735,3.56
1736,3.23
1737,3.51
1738,3.46
1739,3.66
1740,3.27
1741,4.04
1742,2.99
1743,4.3
1744,3.13
1745,3.86
1746,3.92
1747,4.05
1748,3.91
1749,3.49
1750,3.81
1751,3.89
1752,3.62
1753,3.23
1754,3.7
1755,3.05
1756,3.55
1757,3.9
1758,3.61
1759,3.49
1760,3.84
1761,3.44
1762,4.33
1763,2.99
1764,3.87
1765,3.32
1766,3.27
1767,4.15
1768,3.64
1769,3.73
1770,3.57
1771,3.71
1772,3.8
1773,3.62
1774,3.21
1775,3.92
1776,3.62
1777,3.57
1778,3.11
1779,4.01
1780,3.37
1781,3.14
1782,3.51
1783,3.51
1784,3.41
1785,3.94
1786,3.28
1787,3.96
1788,3.91
1789,3.87
1790,4.31
1791,3.11
1792,3.23
1793,3.06
1794,
1795,3.49
1796,4.41
1797,3.36
1798,3.39
1799,3.99
1800,2.74
1801,3.87
1802,4.06
1803,3.04
1804,3.16
1805,3.85
1806,3.61
1807,3.96
1808,3.05
1809,3.53
1810,3.49
1811,3.39
1812,
1813,3.84
1814,2.83
1815,3.49
1816,3.62
1817,2.85
1818,4.08
1819,4.22
1820,3.24
1821,2.76
1822,3.06
1823,3.64
1824,2.79
1825,3.83
1826,3.85
1827,2.98
1828,3.15
1829,2.88
1830,
1831,2.97
1832,3.73
1833,3.51
1834,3.86
1835,4.38
1836,3.7
1837,3.61
1838,3.09
1839,3.2
1840,3.86
1841,3.51
1842,3.45
1843,3.04
1844,3.91
1845,3.06
1846,2.98
1847,3.59
1848,3.8
1849,3.04
1850,2.81
1851,2.91
1852,2.75
1853,3.14
1854,3.61
1855,3.33
1856,4.12
1857,3.51
1858,2.74
1859,3.69
1860,3.17
1861,3.31
1862,3.55
1863,3.44
1864,3.3
1865,4.78
1866,3.33
1867,3.75
1868,2.86
1869,3.67
1870,3.73
1871,3.76
1872,3.74
1873,3.54
1874,3.75
1875,4.05
1876,3.88
1877,3.06
1878,4.12
1879,3.73
1880,3.36
1881,3.71
1882,3.57
1883,3.54
1884,2.64
1885,3.3
1886,3.78
1887,3.58
1888,3.59
1889,3.38
1890,2.35
1891,3.16
1892,3.01
1893,4.17
1894,4.11
1895,3.53
1896,3.58
1897,3.74
1898,3.81
1899,3.27
1900,2.84
1901,4.56
1902,4.4
1903,2.99
1904,2.78
1905,3.06
1906,3.68
1907,3.92
1908,2.57
1909,4.35
1910,3.47
1911,4.37
1912,4.3
1913,3.57
1914,3.63
1915,3.91
1916,3.15
1917,3.25
1918,3.05
1919,3.38
1920,3.19
1921,4.19
1922,4.12
1923,3.4
1924,3.73
1925,3.57
1926,3.67
1927,3.34
1928,3.25
1929,3.74
1930,3.25
1931,3.55
1932,3.86
1933,3.17
1934,3.78
1935,3.66
1936,3.26
1937,3.61
1938,2.55
1939,3.21
1940,3.81
1941,3.95
1942,3.83
1943,3.34
1944,3.44
1945,4.63
1946,4.49
1947,3.55
1948,3.0
1949,2.79
1950,3.11
1951,3.29
1952,3.82
1953,2.69
1954,3.34
1955,4.1
1956,3.61
1957,3.72
1958,4.18
1959,3.24
1960,3.74
1961,3.38
1962,3.78
1963,3.81
1964,3.27
1965,4.35
1966,3.68
1967,3.19
1968,3.73
1969,3.52
1970,3.15
1971,3.65
1972,3.19
1973,3.52
1974,3.87
1975,3.15
1976,3.49
1977,3.45
1978,3.81
1979,4.67
1980,3.12
1981,3.33
1982,3.74
1983,3.2
1984,3.05
1985,3.33
1986,2.75
1987,3.26
1988,3.6
1989,3.62
1990,3.66
1991,3.0
1992,3.06
1993,3.26
1994,3.27
1995,3.69
1996,3.75
1997,2.97
1998,2.75
1999,3.47
2000,3.4
2001,2.98
2002,3.79
2003,3.78
2004,3.24
2005,2.89
2006,3.52
2007,2.98
2008,3.8
2009,3.62
2010,4.19
2011,3.57
2012,3.38
2013,2.66
2014,4.32
2015,3.39
2016,3.59
2017,3.57
2018,3.6
2019,3.96
2020,3.53
2021,3.17
2022,4.09
2023,3.19
2024,4.0
2025,2.82
2026,3.64
2027,3.53
2028,3.37
2029,3.53
2030,3.31
2031,3.07
2032,3.23
2033,3.62
2034,3.36
2035,3.42
2036,2.88
2037,3.58
2038,3.13
2039,3.74
2040,3.47
2041,4.5
2042,3.38
2043,4.09
2044,4.26
2045,3.43
2046,3.27
2047,3.33
2048,3.64
2049,3.41
2050,3.86
2051,3.34
2052,2.63
2053,3.4
2054,3.28
2055,3.47
2056,3.0
2057,3.64
2058,3.72
2059,2.91
2060,3.23
2061,3.63
2062,4.13
2063,4.33
2064,3.64
2065,3.96
2066,4.35
2067,3.47
2068,3.1
2069,3.06
2070,3.76
2071,3.67
2072,4.24
2073,2.66
2074,3.56
2075,3.0
2076,2.71
2077,2.79
2078,3.26
2079,3.34
2080,4.01
2081,4.59
2082,3.88
2083,4.17
2084,3.93
2085,3.87
2086,2.84
2087,3.73
2088,4.28
2089,3.86
2090,3.05
2091,3.27
2092,3.54
2093,3.26
2094,3.08
2095,2.68
2096,3.36
2097,2.96
2098,3.39
2099,2.81
2100,3.36
2101,2.81
2102,3.62
2103,3.3
2104,3.62
2105,3.17
2106,3.68
2107,3.92
2108,3.79
2109,
2110,
2111,3.33
2112,3.56
2113,2.99
2114,4.28
2115,2.97
2116,3.29
2117,3.14
2118,3.89
2119,3.04
2120,2.98
2121,4.08
2122,3.55
2123,2.98
2124,
2125,3.71
2126,3.38
2127,3.27
2128,3.66
2129,3.26
2130,4.76
2131,3.79
2132,4.18
2133,3.74
2134,3.53
2135,3.53
2136,3.8
2137,3.93
2138,2.95
2139,3.52
2140,3.89
2141,3.25
2142,3.72
2143,3.89
2144,3.32
2145,3.65
2146,4.17
2147,2.89
2148,3.92
2149,3.91
2150,3.81
2151,4.49
2152,4.1
2153,2.38
2154,3.38
2155,3.7
2156,3.09
2157,3.66
2158,4.04
2159,3.34
2160,4.17
2161,3.57
2162,3.65
2163,3.3
2164,3.33
2165,3.3
2166,3.8
2167,3.87
2168,3.91
2169,
2170,3.17
2171,3.5
2172,
2173,3.85
2174,
2175,3.76
2176,3.19
2177,3.08
2178,3.45
2179,3.63
2180,3.64
2181,3.31
2182,3.83
2183,3.38
2184,3.91
2185,3.26
2186,3.57
2187,3.64
2188,2.8
2189,3.56
2190,3.68
2191,3.08
2192,3.16
2193,3.34
2194,3.55
2195,3.98
2196,3.32
2197,4.15
2198,4.1
2199,3.66
2200,
2201,3.46
2202,3.31
2203,4.06
2204,3.97
2205,2.84
2206,3.39
2207,2.93
2208,3.81
2209,4.02
2210,3.8
2211,3.94
2212,3.44
2213,3.67
2214,3.15
2215,3.64
2216,3.6
2217,3.07
2218,3.66
2219,3.33
2220,3.97
2221,
2222,3.88
2223,3.91
2224,2.94
2225,3.21
2226,2.97
2227,3.4
2228,3.65
2229,3.91
2230,4.02
2231,4.39
2232,3.15
2233,3.89
2234,3.87
2235,3.31
2236,3.58
2237,3.37
2238,
2239,3.26
2240,
2241,3.15
2242,4.06
2243,3.89
2244,3.5
2245,3.31
2246,3.6
2247,3.57
2248,3.1
2249,4.34
2250,3.79
2251,4.21
2252,3.74
2253,4.32
2254,2.61
2255,4.0
2256,3.3
2257,3.93
2258,3.24
2259,3.78
2260,3.98
2261,3.19
2262,3.74
2263,3.96
2264,4.13
2265,3.22
2266,3.71
2267,3.03
2268,3.68
2269,3.6
2270,3.67
2271,3.2
2272,3.9
2273,3.83
2274,3.45
2275,3.57
2276,2.94
2277,4.0
2278,3.36
2279,3.46
2280,3.2
2281,3.87
2282,3.38
2283,3.7
2284,3.56
2285,2.37
2286,3.38
2287,3.8
2288,3.97
2289,3.51
2290,3.4
2291,4.29
2292,3.74
2293,3.38
2294,3.24
2295,3.0
2296,
2297,3.23
2298,3.53
2299,3.62
2300,3.67
2301,3.22
2302,3.04
2303,4.15
2304,3.26
2305,3.49
2306,2.76
2307,3.88
2308,2.62
2309,4.0
2310,4.0
2311,3.14
2312,3.05
2313,3.43
2314,3.57
2315,2.87
2316,4.58
2317,2.86
2318,4.18
2319,3.38
2320,3.46
2321,3.36
2322,3.54
2323,3.38
2324,3.61
2325,4.01
2326,3.85
2327,4.0
2328,3.13
2329,3.71
2330,3.85
2331,3.58
2332,3.73
2333,3.5
2334,3.46
2335,2.81
2336,3.23
2337,3.38
2338,3.97
2339,4.34
2340,3.85
2341,3.97
2342,3.94
2343,3.19
2344,3.38
2345,3.99
2346,3.5
2347,4.64
2348,3.44
2349,3.44
2350,4.09
2351,2.85
2352,3.79
2353,3.01
2354,3.3
2355,3.46
2356,4.05
2357,3.82
2358,3.16
2359,4.02
2360,3.49
2361,3.13
2362,3.18
2363,3.4
2364,3.84
2365,3.87
2366,3.28
2367,3.11
2368,4.85
2369,3.74
2370,3.32
2371,3.89
2372,3.62
2373,3.21
2374,3.58
2375,3.98
2376,3.46
2377,3.29
2378,
2379,3.08
2380,3.91
2381,3.31
2382,3.35
2383,3.17
2384,3.02
2385,3.36
2386,2.87
2387,4.32
2388,3.51
2389,3.65
2390,4.32
2391,4.53
2392,3.41
2393,3.28
2394,3.82
2395,3.01
2396,3.8
2397,4.1
2398,3.61
2399,4.12
2400,3.27
2401,3.4
2402,3.32
2403,2.34
2404,2.82
2405,3.73
2406,3.14
2407,3.56
2408,3.23
2409,3.12
2410,2.89
2411,3.67
2412,2.98
2413,3.63
2414,3.21
2415,3.15
2416,3.16
2417,3.47
2418,3.53
2419,3.84
2420,3.2
2421,2.78
2422,3.16
2423,3.61
2424,4.17
2425,2.98
2426,3.71
2427,3.2
2428,3.96
2429,3.09
2430,3.35
2431,3.47
2432,4.01
2433,4.04
2434,3.1
2435,3.02
2436,3.89
2437,3.65
2438,2.96
2439,
2440,3.67
2441,3.28
2442,3.23
2443,4.49
2444,3.58
2445,3.25
2446,3.78
2447,2.67
2448,3.89
2449,3.69
2450,3.58
2451,3.71
2452,3.58
2453,2.96
2454,
2455,3.12
2456,3.39
2457,4.1
2458,2.66
2459,3.71
2460,3.04
2461,3.78
2462,3.65
2463,3.75
2464,3.86
2465,3.54
2466,3.42
2467,3.19
2468,3.96
2469,3.24
2470,4.12
2471,2.88
2472,3.18
2473,2.65
2474,3.6
2475,2.98
2476,3.29
2477,3.95
2478,2.82
2479,3.79
2480,3.89
2481,3.83
2482,3.35
2483,3.04
2484,3.46
2485,3.22
2486,3.39
2487,2.57
2488,3.06
2489,3.67
2490,3.7
2491,3.79
2492,3.48
2493,3.35
2494,4.01
2495,2.8
2496,4.28
2497,3.65
2498,3.78
2499,3.69
2500,3.36
2501,3.67
2502,2.64
2503,2.79
2504,3.32
2505,3.05
2506,3.96
2507,3.41
2508,3.58
2509,3.46
2510,3.71
2511,3.38
2512,2.98
2513,3.83
2514,3.7
2515,3.52
2516,3.69
2517,3.34
2518,3.83
2519,3.51
2520,3.07
2521,3.54
2522,3.21
2523,4.08
2524,3.37
2525,3.95
2526,3.9
2527,2.41
2528,4.12
2529,3.05
2530,3.69
2531,4.37
2532,3.27
2533,3.52
2534,4.17
2535,3.04
2536,3.9
2537,3.62
2538,3.45
2539,3.41
2540,3.92
2541,3.92
2542,3.28
2543,3.59
2544,3.24
2545,4.31
2546,3.66
2547,3.41
2548,2.81
2549,3.51
2550,3.94
2551,3.63
2552,3.94
2553,3.83
2554,3.13
2555,3.25
2556,3.64
2557,4.32
2558,3.26
2559,3.79
2560,3.52
2561,4.16
2562,3.72
2563,3.67
2564,3.02
2565,3.92
2566,2.99
2567,4.21
2568,3.39
2569,3.18
2570,3.19
2571,3.68
2572,2.95
2573,2.81
2574,2.9
2575,3.71
2576,4.34
2577,4.02
2578,3.62
2579,2.96
2580,3.34
2581,3.1
2582,2.84
2583,3.47
2584,3.79
2585,3.86
2586,3.6
2587,3.88
2588,3.4
2589,3.55
2590,3.26
2591,3.44
2592,
2593,3.83
2594,2.79
2595,3.76
2596,3.1
2597,4.27
2598,3.2
2599,3.15
2600,3.46
2601,4.36
2602,3.58
2603,3.05
2604,3.61
2605,3.17
2606,3.67
2607,3.25
2608,2.83
2609,3.55
2610,3.64
2611,3.3
2612,2.97
2613,4.26
2614,3.66
2615,
2616,3.12
2617,4.34
2618,3.53
2619,2.74
2620,3.2
2621,3.08
2622,2.84
2623,3.28
2624,4.07
2625,3.3
2626,3.39
2627,3.76
2628,3.77
2629,3.61
2630,3.29
2631,3.54
2632,3.61
2633,3.13
2634,3.87
2635,3.92
2636,2.25
2637,4.06
2638,3.52
2639,3.36
2640,4.02
2641,3.64
2642,3.04
2643,3.29
2644,4.39
2645,3.2
2646,3.4
2647,3.52
2648,3.79
2649,3.97
2650,3.27
2651,4.17
2652,3.0
2653,3.94
2654,3.35
2655,4.07
2656,3.54
2657,3.66
2658,3.54
2659,3.95
2660,3.35
2661,4.5
2662,3.81
2663,3.06
2664,3.33
2665,2.91
2666,3.93
2667,3.06
2668,3.04
2669,3.6
2670,3.55
2671,3.69
2672,3.42
2673,3.68
2674,3.55
2675,3.61
2676,3.85
2677,3.06
2678,3.77
2679,3.16
2680,3.94
2681,2.52
2682,3.66
2683,3.7
2684,2.99
2685,3.76
2686,3.21
2687,3.75
2688,3.46
2689,4.21
2690,3.73
2691,3.45
2692,3.95
2693,3.06
2694,3.57
2695,3.24
2696,3.52
2697,4.37
2698,3.46
2699,3.75
2700,4.17
2701,3.39
2702,3.66
2703,4.31
2704,3.18
2705,2.69
2706,4.11
2707,3.43
2708,3.92
2709,3.79
2710,3.61
2711,4.29
2712,4.06
2713,3.77
2714,3.21
2715,3.35
2716,3.15
2717,3.61
2718,3.97
2719,
2720,3.66
2721,3.43
2722,3.93
2723,3.18
2724,3.69
2725,4.28
2726,4.29
2727,2.86
2728,2.93
2729,2.92
2730,3.54
2731,3.57
2732,3.03
2733,3.17
2734,3.33
2735,3.68
2736,3.79
2737,4.02
2738,3.72
2739,3.81
2740,3.99
2741,3.27
2742,3.64
2743,3.86
2744,3.14
2745,3.74
2746,3.32
2747,3.41
2748,3.49
2749,4.15
2750,3.58
2751,3.49
2752,3.63
2753,3.18
2754,3.77
2755,3.26
2756,3.77
2757,3.45
2758,3.54
2759,3.71
2760,4.13
2761,3.18
2762,3.48
2763,3.85
2764,4.11
2765,4.03
2766,3.19
2767,2.65
2768,3.02
2769,3.98
2770,3.48
2771,3.3
2772,3.54
2773,3.25
2774,3.31
2775,3.57
2776,4.0
2777,3.48
2778,3.86
2779,3.43
2780,
2781,3.33
2782,3.27
2783,3.75
2784,2.91
2785,3.46
2786,3.28
2787,3.46
2788,3.66
2789,2.7
2790,3.22
2791,3.69
2792,3.89
2793,3.5
2794,3.64
2795,3.51
2796,3.9
2797,
2798,4.23
2799,3.22
2800,3.04
2801,3.67
2802,4.13
2803,3.6
2804,3.6
2805,3.66
2806,3.89
2807,3.66
2808,3.56
2809,3.46
2810,4.14
2811,3.23
2812,3.72
2813,3.79
2814,4.46
2815,3.72
2816,2.69
2817,3.54
2818,3.3
2819,3.56
2820,3.71
2821,3.32
2822,4.07
2823,3.47
2824,3.7
2825,3.82
2826,3.4
2827,3.98
2828,4.07
2829,3.21
2830,3.67
2831,3.41
2832,3.33
2833,3.69
2834,3.3
2835,3.45
2836,3.67
2837,3.8
2838,3.94
2839,3.85
2840,3.64
2841,3.93
2842,2.8
2843,3.07
2844,3.64
2845,3.35
2846,3.64
2847,3.8
2848,3.23
2849,3.78
2850,3.86
2851,3.58
2852,3.7
2853,2.8
2854,3.74
2855,3.21
2856,3.41
2857,3.73
2858,3.22
2859,2.99
2860,3.74
2861,3.06
2862,3.64
2863,4.38
2864,3.08
2865,2.97
2866,3.27
2867,3.51
2868,3.41
2869,3.06
2870,3.47
2871,3.27
2872,3.15
2873,3.59
2874,3.35
2875,3.63
2876,3.65
2877,3.57
2878,4.14
2879,3.42
2880,3.48
2881,3.27
2882,3.8
2883,3.19
2884,3.29
2885,2.52
2886,3.3
2887,3.47
2888,3.3
2889,3.48
2890,3.24
2891,2.72
2892,4.25
2893,3.4
2894,3.5
2895,3.94
2896,3.15
2897,3.65
2898,4.0
2899,3.18
2900,2.64
2901,3.58
2902,3.66
2903,3.35
2904,3.54
2905,3.25
2906,4.44
2907,3.66
2908,3.58
2909,3.53
2910,3.13
2911,3.87
2912,3.58
2913,3.28
2914,4.32
2915,3.66
2916,3.96
2917,3.31
2918,2.94
2919,3.53
2920,3.49
2921,3.59
2922,3.2
2923,3.43
2924,3.77
2925,3.06
2926,3.66
2927,3.31
2928,3.62
2929,3.24
2930,3.12
2931,3.69
2932,3.94
2933,3.8
2934,3.34
2935,3.83
2936,4.17
2937,3.05
2938,3.92
2939,3.37
2940,3.64
2941,3.07
2942,3.15
2943,3.47
2944,3.28
2945,4.0
2946,4.04
2947,3.02
2948,3.67
2949,4.12
2950,4.0
2951,3.3
2952,3.29
2953,3.53
2954,3.73
2955,3.73
2956,3.62
2957,3.45
2958,3.39
2959,3.84
2960,2.93
2961,3.56
2962,2.76
2963,3.48
2964,3.77
2965,3.62
2966,3.31
2967,3.76
2968,3.9
2969,3.9
2970,3.38
2971,3.03
2972,3.34
2973,3.04
2974,3.55
2975,3.24
2976,2.9
2977,3.89
2978,3.57
2979,3.09
2980,2.79
2981,3.14
2982,3.49
2983,3.42
2984,3.28
2985,3.16
2986,4.33
2987,3.53
2988,3.59
2989,3.9
2990,4.39
2991,4.0
2992,3.62
2993,3.42
2994,3.43
2995,2.92
2996,4.74
2997,3.05
2998,3.63
2999,2.97
3000,3.66
3001,3.48
3002,3.29
3003,3.2
3004,3.22
3005,2.65
3006,4.5
3007,3.86
3008,3.5
3009,3.85
3010,3.82
3011,3.43
3012,4.14
3013,3.4
3014,3.42
3015,3.38
3016,3.85
3017,3.5
3018,2.98
3019,3.38
3020,3.67
3021,3.36
3022,3.17
3023,3.96
3024,3.38
3025,3.88
3026,3.61
3027,3.27
3028,2.6
3029,3.1
3030,4.32
3031,2.99
3032,4.45
3033,3.55
3034,3.16
3035,2.86
3036,4.05
3037,3.64
3038,
3039,3.21
3040,3.37
3041,2.74
3042,3.31
3043,2.95
3044,3.18
3045,4.03
3046,
3047,3.41
3048,3.4
3049,2.95
3050,3.51
3051,3.67
3052,3.63
3053,2.89
3054,3.68
3055,3.86
3056,3.31
3057,3.54
3058,2.66
3059,3.13
3060,
3061,3.97
3062,3.73
3063,3.39
3064,3.84
3065,4.03
3066,3.31
3067,3.71
3068,4.35
3069,3.02
3070,3.74
3071,3.66
3072,3.67
3073,3.35
3074,3.34
3075,3.39
3076,3.65
3077,3.94
3078,3.98
3079,2.86
3080,2.86
3081,2.94
3082,3.67
3083,3.35
3084,3.11
3085,3.63
3086,4.06
3087,3.43
3088,3.99
3089,3.55
3090,4.0
3091,3.86
3092,3.12
3093,3.67
3094,4.21
3095,2.96
3096,3.05
3097,
3098,2.9
3099,3.16
3100,3.41
3101,3.07
3102,3.47
3103,3.05
3104,3.69
3105,2.36
3106,3.42
3107,3.25
3108,4.15
3109,3.13
3110,2.78
3111,2.73
3112,3.66
3113,3.55
3114,3.44
3115,3.63
3116,
3117,3.23
3118,3.29
3119,3.4
3120,2.87
3121,3.31
3122,4.32
3123,3.54
3124,4.0
3125,3.83
3126,3.64
3127,3.96
3128,3.52
3129,3.37
3130,3.07
3131,2.97
3132,3.13
3133,2.91
3134,
3135,3.67
3136,3.46
3137,3.87
3138,3.51
3139,3.98
3140,3.94
3141,3.35
3142,3.21
3143,3.57
3144,3.59
3145,2.84
3146,3.38
3147,3.2
3148,3.16
3149,3.41
3150,4.17
3151,4.12
3152,3.81
3153,3.89
3154,3.96
3155,3.2
3156,4.09
3157,3.56
3158,4.0
3159,3.66
3160,3.27
3161,2.76
3162,3.29
3163,4.16
3164,4.28
3165,3.45
3166,3.14
3167,3.47
3168,3.44
3169,3.71
3170,3.29
3171,3.34
3172,3.17
3173,3.12
3174,3.42
3175,3.68
3176,3.39
3177,3.32
3178,4.39
3179,3.9
3180,2.8
3181,2.68
3182,3.66
3183,3.08
3184,2.95
3185,2.92
3186,3.54
3187,4.01
3188,3.57
3189,3.06
3190,3.54
3191,3.6
3192,3.22
3193,4.05
3194,3.83
3195,3.89
3196,3.87
3197,4.02
3198,
3199,3.7
3200,3.77
3201,3.67
3202,3.87
3203,3.73
3204,3.23
3205,3.25
3206,3.74
3207,3.11
3208,3.86
3209,2.95
3210,3.5
3211,4.1
3212,3.8
3213,3.8
3214,4.43
3215,4.23
3216,3.88
3217,4.0
3218,3.27
3219,3.61
3220,3.66
3221,3.7
3222,3.45
3223,3.06
3224,3.42
3225,2.32
3226,3.59
3227,3.93
3228,3.35
3229,3.9
3230,3.09
3231,3.73
3232,3.7
3233,3.68
3234,3.7
3235,3.38
3236,3.76
3237,3.51
3238,2.94
3239,3.53
3240,3.32
3241,3.23
3242,3.63
3243,3.44
3244,3.95
3245,3.74
3246,3.17
3247,3.25
3248,3.26
3249,3.34
3250,4.11
3251,2.86
3252,3.47
3253,2.59
3254,3.1
3255,3.53
3256,2.68
3257,3.71
3258,3.0
3259,3.47
3260,3.08
3261,4.11
3262,4.39
3263,3.95
3264,3.39
3265,3.58
3266,4.04
3267,4.12
3268,3.21
3269,2.71
3270,3.37
3271,3.52
3272,3.21
3273,3.49
3274,2.99
3275,2.86
3276,3.83
3277,3.28
3278,2.79
3279,4.05
3280,3.66
3281,3.56
3282,3.94
3283,3.57
3284,2.84
3285,3.64
3286,3.44
3287,2.9
3288,3.35
3289,4.49
3290,3.43
3291,3.79
3292,3.22
3293,3.21
3294,3.15
3295,3.69
3296,3.84
3297,2.95
3298,3.97
3299,4.2
3300,3.85
3301,3.08
3302,3.31
3303,2.95
3304,3.38
3305,3.3
3306,3.63
3307,3.74
3308,3.32
3309,3.25
3310,3.49
3311,3.62
3312,3.99
3313,2.45
3314,
3315,3.43
3316,3.65
3317,3.45
3318,3.35
3319,3.44
3320,4.38
3321,3.67
3322,3.46
3323,3.52
3324,3.37
3325,4.22
3326,3.83
3327,3.15
3328,3.39
3329,3.09
3330,3.65
3331,3.45
3332,3.6
3333,4.0
3334,3.76
3335,
3336,3.26
3337,3.06
3338,4.04
3339,3.46
3340,3.6
3341,3.16
3342,3.33
3343,3.26
3344,
3345,3.43
3346,4.63
3347,3.0
3348,3.47
3349,3.49
3350,3.44
3351,3.44
3352,3.89
3353,3.73
3354,4.4
3355,3.68
3356,2.77
3357,3.13
3358,3.22
3359,3.37
3360,3.29
3361,3.35
3362,3.66
3363,3.61
3364,2.49
3365,3.49
3366,3.89
3367,3.25
3368,3.53
3369,3.94
3370,3.72
3371,3.21
3372,3.48
3373,3.26
3374,3.8
3375,4.32
3376,4.32
3377,3.1
3378,3.54
3379,3.61
3380,3.26
3381,3.44
3382,3.63
3383,3.6
3384,3.58
3385,4.08
3386,
3387,3.94
3388,3.74
3389,2.82
3390,3.71
3391,3.66
3392,3.52
3393,3.91
3394,3.35
3395,3.87
3396,3.85
3397,3.27
3398,3.52
3399,2.82
3400,2.52
3401,3.31
3402,3.97
3403,3.46
3404,4.2
3405,3.21
3406,3.52
3407,3.28
3408,3.8
3409,3.38
3410,2.96
3411,3.16
3412,3.59
3413,3.22
3414,3.83
3415,2.9
3416,3.47
3417,
3418,3.51
3419,2.67
3420,3.23
3421,3.04
3422,3.89
3423,3.13
3424,3.63
3425,3.96
3426,3.18
3427,3.51
3428,3.1
3429,3.73
3430,3.19
3431,3.5
3432,3.16
3433,3.57
3434,3.6
3435,3.69
3436,4.15
3437,3.56
3438,3.38
3439,3.27
3440,3.01
3441,3.38
3442,3.45
3443,3.56
3444,3.62
3445,3.96
3446,3.79
3447,3.42
3448,4.31
3449,3.77
3450,3.36
3451,3.57
3452,3.57
3453,3.66
3454,3.07
3455,3.41
3456,2.69
3457,2.98
3458,2.99
3459,3.04
3460,3.48
3461,3.65
3462,3.46
3463,3.97
3464,3.05
3465,2.84
3466,4.08
3467,3.05
3468,4.1
3469,3.72
3470,4.37
3471,3.72
3472,2.76
3473,
3474,4.17
3475,3.58
3476,3.48
3477,3.33
3478,3.66
3479,3.14
3480,2.75
3481,
3482,3.53
3483,3.52
3484,3.14
3485,3.84
3486,3.78
3487,4.35
3488,3.05
3489,3.1
3490,3.7
3491,2.86
3492,3.69
3493,3.65
3494,3.46
3495,3.16
3496,3.78
3497,3.58
3498,4.01
3499,3.68
3500,3.47
3501,3.97
3502,3.77
3503,3.49
3504,3.68
3505,3.21
3506,3.03
3507,3.51
3508,3.46
3509,3.65
3510,3.87
3511,4.27
3512,3.41
3513,3.16
3514,3.89
3515,4.0
3516,3.46
3517,3.37
3518,4.06
3519,3.3
3520,3.3
3521,3.26
3522,3.91
3523,4.3
3524,3.2
3525,3.88
3526,3.4
3527,3.89
3528,3.39
3529,2.52
3530,3.33
3531,
3532,3.71
3533,2.78
3534,2.78
3535,2.93
3536,3.08
3537,3.63
3538,3.15
3539,2.72
3540,3.06
3541,3.95
3542,3.28
3543,3.5
3544,3.7
3545,3.19
3546,3.68
3547,3.94
3548,2.95
3549,3.68
3550,4.17
3551,3.83
3552,2.83
3553,3.14
3554,3.49
3555,2.62
3556,3.88
3557,
3558,3.71
3559,4.03
3560,3.6
3561,3.35
3562,4.58
3563,3.01
3564,3.13
3565,
3566,3.29
3567,3.97
3568,3.95
3569,3.48
3570,3.28
3571,3.16
3572,3.37
3573,3.64
3574,3.4
3575,3.37
3576,3.15
3577,4.24
3578,3.73
3579,3.18
3580,3.56
3581,3.52
3582,3.58
3583,3.27
3584,3.99
3585,3.56
3586,3.65
3587,3.75
3588,3.57
3589,3.11
3590,3.28
3591,3.88
3592,3.52
3593,4.27
3594,3.09
3595,2.95
3596,3.1
3597,3.13
3598,3.86
3599,3.85
3600,2.8
3601,3.59
3602,4.0
3603,3.62
3604,3.15
3605,
3606,3.42
3607,3.87
3608,3.79
3609,3.49
3610,3.27
3611,3.73
3612,3.83
3613,3.12
3614,3.07
3615,3.37
3616,3.68
3617,3.62
3618,3.58
3619,4.05
3620,3.47
3621,3.05
3622,3.67
3623,3.98
3624,3.88
3625,3.21
3626,4.38
3627,3.05
3628,3.48
3629,3.69
3630,3.48
3631,3.39
3632,3.16
3633,3.17
3634,4.09
3635,4.52
3636,4.45
3637,3.31
3638,3.41
3639,3.17
3640,3.41
3641,3.26
3642,3.1
3643,3.62
3644,2.8
3645,3.56
3646,3.39
3647,3.32
3648,3.7
3649,3.82
3650,3.19
3651,2.86
3652,3.69
3653,3.52
3654,3.29
3655,2.94
3656,3.35
3657,3.14
3658,3.68
3659,3.12
3660,3.65
3661,3.51
3662,3.13
3663,
3664,3.51
3665,3.76
3666,3.35
3667,3.05
3668,3.68
3669,3.12
3670,3.84
3671,3.96
3672,3.25
3673,3.09
3674,3.44
3675,3.27
3676,3.66
3677,3.48
3678,2.58
3679,3.87
3680,3.84
3681,
3682,3.47
3683,3.44
3684,3.72
3685,3.24
3686,3.55
3687,3.29
3688,3.59
3689,3.64
3690,3.65
3691,3.51
3692,3.79
3693,3.83
3694,3.9
3695,3.8
3696,3.84
3697,3.61
3698,3.23
3699,3.52
3700,3.53
3701,3.25
3702,3.45
3703,3.5
3704,3.64
3705,3.97
3706,3.81
3707,3.63
3708,3.74
3709,3.39
3710,3.49
3711,3.84
3712,3.54
3713,3.14
3714,3.44
3715,3.23
3716,3.14
3717,3.18
3718,3.25
3719,4.11
3720,3.82
3721,3.28
3722,3.04
3723,3.76
3724,3.76
3725,2.63
3726,3.87
3727,3.91
3728,4.14
3729,3.76
3730,3.77
3731,3.48
3732,3.17
3733,3.7
3734,3.66
3735,3.23
3736,3.49
3737,3.76
3738,2.85
3739,3.23
3740,3.18
3741,3.09
3742,4.03
3743,3.25
3744,3.55
3745,3.46
3746,3.14
3747,4.43
3748,4.17
3749,2.95
3750,3.7
3751,3.22
3752,3.3
3753,3.28
3754,3.23
3755,4.11
3756,3.7
3757,2.83
3758,3.64
3759,3.89
3760,3.21
3761,3.98
3762,3.61
3763,3.57
3764,3.22
3765,2.55
3766,3.63
3767,3.68
3768,3.33
3769,3.08
3770,2.56
3771,3.74
3772,3.74
3773,3.97
3774,3.79
3775,3.34
3776,3.79
3777,2.93
3778,3.6
3779,3.26
3780,3.53
3781,3.91
3782,3.93
3783,3.75
3784,3.04
3785,3.08
3786,3.68
3787,3.52
3788,2.73
3789,3.84
3790,3.38
3791,3.52
3792,4.95
3793,3.29
3794,3.29
3795,2.54
3796,3.13
3797,3.32
3798,3.61
3799,3.43
3800,3.52
3801,3.47
3802,3.13
3803,3.62
3804,3.65
3805,3.43
3806,3.19
3807,4.27
3808,3.7
3809,3.39
3810,2.87
3811,3.01
3812,3.4
3813,3.79
3814,3.52
3815,3.66
3816,3.43
3817,3.6
3818,3.95
3819,3.9
3820,3.49
3821,3.67
3822,3.39
3823,3.03
3824,3.95
3825,4.0
3826,3.52
3827,3.28
3828,3.54
3829,3.21
3830,2.52
3831,4.0
3832,2.96
3833,3.65
3834,3.41
3835,3.55
3836,2.65
3837,4.14
3838,3.56
3839,3.04
3840,
3841,3.76
3842,3.48
3843,3.5
3844,3.58
3845,
3846,3.08
3847,3.74
3848,3.69
3849,3.33
3850,4.13
3851,3.23
3852,3.42
3853,3.47
3854,3.04
3855,3.87
3856,3.23
3857,3.59
3858,3.55
3859,3.32
3860,3.7
3861,2.68
3862,3.31
3863,3.85
3864,3.56
3865,2.74
3866,3.2
3867,3.29
3868,3.13
3869,3.62
3870,3.7
3871,4.28
3872,3.91
3873,3.07
3874,3.69
3875,3.78
3876,3.65
3877,4.15
3878,3.23
3879,3.84
3880,3.08
3881,3.3
3882,3.65
3883,3.54
3884,3.8
3885,3.47
3886,3.46
3887,4.34
3888,4.02
3889,3.87
3890,3.28
3891,3.14
3892,3.37
3893,2.81
3894,3.39
3895,4.07
3896,4.02
3897,3.87
3898,3.37
3899,3.68
3900,3.77
3901,3.31
3902,3.28
3903,4.12
3904,3.38
3905,3.15
3906,3.47
3907,3.64
3908,3.06
3909,3.09
3910,4.67
3911,3.88
3912,3.6
3913,3.02
3914,3.56
3915,3.8
3916,3.52
3917,3.31
3918,3.73
3919,4.02
3920,3.96
3921,3.57
3922,3.6
3923,3.77
3924,3.71
3925,3.91
3926,3.73
3927,3.73
3928,3.48
3929,3.99
3930,3.52
3931,3.92
3932,2.55
3933,3.43
3934,3.52
3935,3.2
3936,
3937,3.69
3938,3.55
3939,3.39
3940,4.21
3941,3.84
3942,3.11
3943,2.89
3944,3.38
3945,3.53
3946,3.02
3947,3.52
3948,3.49
3949,4.14
3950,4.38
3951,3.53
3952,3.91
3953,2.86
3954,3.6
3955,3.67
3956,3.97
3957,3.66
3958,3.23
3959,3.73
3960,2.71
3961,3.55
3962,2.87
3963,2.91
3964,3.32
3965,3.41
3966,3.32
3967,3.1
3968,3.8
3969,3.16
3970,3.6
3971,4.04
3972,3.35
3973,3.55
3974,3.37
3975,3.85
3976,3.82
3977,3.21
3978,3.76
3979,2.68
3980,3.8
3981,3.36
3982,3.09
3983,3.48
3984,3.45
3985,4.0
3986,3.17
3987,3.9
3988,3.23
3989,3.48
3990,3.67
3991,3.45
3992,3.39
3993,3.14
3994,3.29
3995,4.02
3996,4.08
3997,3.45
3998,3.48
3999,3.33
4000,3.11
4001,
4002,3.35
4003,3.49
4004,3.34
4005,3.66
4006,3.24
4007,3.97
4008,3.67
4009,3.09
4010,2.75
4011,2.75
4012,2.92
4013,3.6
4014,4.03
4015,3.09
4016,3.56
4017,4.38
4018,3.49
4019,3.64
4020,3.31
4021,3.46
4022,3.48
4023,3.11
4024,3.48
4025,
4026,3.49
4027,3.45
4028,3.88
4029,2.91
4030,3.47
4031,3.52
4032,2.99
4033,3.87
4034,4.01
4035,3.59
4036,3.14
4037,3.16
4038,3.5
4039,3.96
4040,2.88
4041,4.38
4042,3.42
4043,3.61
4044,2.91
4045,3.16
4046,3.92
4047,3.42
4048,3.11
4049,3.33
4050,3.91
4051,3.5
4052,3.79
4053,3.75
4054,3.63
4055,3.26
4056,3.58
4057,3.92
4058,2.63
4059,3.75
4060,3.49
4061,3.9
4062,3.86
4063,3.08
4064,3.58
4065,3.89
4066,3.57
4067,3.37
4068,3.17
4069,2.87
4070,3.33
4071,3.27
4072,3.31
4073,3.03
4074,3.52
4075,3.32
4076,2.86
4077,3.63
4078,3.66
4079,3.49
4080,3.76
4081,2.95
4082,3.88
4083,3.36
4084,3.67
4085,3.31
4086,3.12
4087,3.72
4088,4.11
4089,3.39
4090,3.54
4091,3.84
4092,3.05
4093,3.98
4094,3.31
4095,2.99
4096,2.27
4097,3.34
4098,3.67
4099,3.6
4100,3.84
4101,3.52
4102,4.27
4103,3.12
4104,3.1
4105,3.47
4106,2.8
4107,3.66
4108,3.7
4109,3.39
4110,3.57
4111,3.71
4112,3.32
4113,3.16
4114,2.89
4115,2.68
4116,2.72
4117,3.81
4118,3.56
4119,3.47
4120,4.02
4121,3.52
4122,2.97
4123,3.54
4124,3.68
4125,3.35
4126,3.55
4127,3.45
4128,3.5
4129,3.09
4130,3.54
4131,3.31
4132,4.01
4133,4.29
4134,4.0
4135,3.63
4136,3.84
4137,3.69
4138,3.76
4139,3.66
4140,3.8
4141,3.88
4142,3.19
4143,4.04
4144,3.31
4145,3.78
4146,3.96
4147,3.31
4148,2.71
4149,3.43
4150,4.22
4151,3.24
4152,3.28
4153,3.87
4154,3.18
4155,3.18
4156,3.07
4157,3.7
4158,4.36
4159,
4160,4.0
4161,3.65
4162,3.54
4163,3.25
4164,3.07
4165,3.51
4166,3.43
4167,3.25
4168,3.58
4169,3.56
4170,3.21
4171,3.79
4172,3.16
4173,3.81
4174,3.96
4175,3.56
4176,3.37
4177,3.44
4178,3.13
4179,3.61
4180,2.93
4181,3.7
4182,3.9
4183,3.14
4184,3.2
4185,3.65
4186,3.78
4187,3.45
4188,3.81
4189,3.14
4190,3.21
4191,3.72
4192,3.11
4193,3.15
4194,4.27
4195,3.05
4196,3.58
4197,3.29
4198,3.1
4199,3.47
4200,4.13
4201,3.43
4202,4.01
4203,2.8
4204,3.67
4205,3.56
4206,3.87
4207,3.0
4208,2.57
4209,3.27
4210,3.79
4211,3.21
4212,3.69
4213,3.1
4214,2.77
4215,3.59
4216,3.69
4217,2.42
4218,3.7
4219,3.42
4220,3.67
4221,3.04
4222,3.44
4223,3.91
4224,3.2
4225,3.22
4226,3.83
4227,3.65
4228,3.12
4229,4.29
4230,3.79
4231,3.94
4232,3.24
4233,3.49
4234,3.71
4235,2.89
4236,3.65
4237,3.47
4238,3.02
4239,3.16
4240,
4241,4.08
4242,2.83
4243,3.17
4244,4.32
4245,3.38
4246,3.57
4247,3.88
4248,3.62
4249,3.14
4250,4.03
4251,4.36
4252,3.84
4253,3.18
4254,3.31
4255,3.82
4256,2.98
4257,3.77
4258,3.99
4259,3.39
4260,3.58
4261,3.31
4262,3.9
4263,3.41
4264,3.6
4265,3.69
4266,3.12
4267,3.48
4268,4.04
4269,3.83
4270,3.35
4271,2.69
4272,3.53
4273,3.63
4274,3.39
4275,4.64
4276,3.66
4277,
4278,3.77
4279,4.01
4280,3.25
4281,3.33
4282,3.75
4283,3.25
4284,3.12
4285,3.91
4286,3.77
4287,2.73
4288,
4289,3.86
4290,3.73
4291,3.87
4292,4.44
4293,3.66
4294,3.06
4295,3.6
4296,3.59
4297,3.4
4298,3.49
4299,3.61
4300,3.44
4301,3.62
4302,3.74
4303,3.47
4304,3.72
4305,3.4
4306,3.03
4307,3.87
4308,3.22
4309,3.75
4310,3.58
4311,3.62
4312,3.04
4313,3.87
4314,3.57
4315,3.97
4316,3.34
4317,3.79
4318,3.62
4319,3.93
4320,3.06
4321,3.6
4322,3.38
4323,3.54
4324,3.41
4325,4.06
4326,3.52
4327,3.12
4328,3.07
4329,3.5
4330,3.91
4331,3.54
4332,2.89
4333,3.56
4334,3.59
4335,4.14
4336,4.19
4337,4.01
4338,3.52
4339,3.15
4340,3.44
4341,3.62
4342,3.42
4343,3.31
4344,2.65
4345,3.51
4346,3.47
4347,3.2
4348,3.1
4349,3.37
4350,3.09
4351,2.88
4352,3.94
4353,2.98
4354,3.65
4355,4.0
4356,3.09
4357,3.07
4358,3.82
4359,4.4
4360,3.01
4361,3.32
4362,4.26
4363,2.9
4364,3.49
4365,4.27
4366,3.37
4367,4.23
4368,3.79
4369,3.72
4370,3.0
4371,3.42
4372,3.41
4373,4.1
4374,4.26
4375,3.84
4376,3.85
4377,3.05
4378,3.99
4379,3.52
4380,3.26
4381,3.34
4382,3.28
4383,3.76
4384,3.71
4385,3.89
4386,3.14
4387,
4388,3.59
4389,3.3
4390,3.18
4391,3.33
4392,3.73
4393,3.36
4394,3.31
4395,4.2
4396,2.98
4397,3.68
4398,3.64
4399,3.01
4400,3.27
4401,3.27
4402,3.01
4403,2.91
4404,3.89
4405,4.3
4406,2.68
4407,3.55
4408,3.25
4409,4.07
4410,3.75
4411,3.93
4412,3.45
4413,3.42
4414,3.59
4415,2.85
4416,3.07
4417,3.48
4418,4.69
4419,3.34
4420,3.83
4421,3.75
4422,3.18
4423,3.2
4424,3.76
4425,3.36
4426,3.32
4427,4.07
4428,3.57
4429,3.99
4430,3.12
4431,3.43
4432,3.12
4433,4.01
4434,4.27
4435,3.64
4436,3.17
4437,3.02
4438,2.7
4439,3.7
4440,3.09
4441,3.26
4442,3.79
4443,3.52
4444,4.08
4445,3.55
4446,3.62
4447,3.8
4448,3.83
4449,3.73
4450,3.2
4451,3.67
4452,3.39
4453,3.55
4454,3.63
4455,3.2
4456,2.83
4457,3.94
4458,4.14
4459,3.26
4460,3.69
4461,3.39
4462,3.22
4463,4.06
4464,3.96
4465,4.0
4466,
4467,3.49
4468,3.02
4469,3.21
4470,3.51
4471,3.4
4472,3.13
4473,4.09
4474,3.7
4475,3.56
4476,2.93
4477,3.34
4478,3.43
4479,2.91
4480,3.63
4481,3.55
4482,
4483,3.43
4484,3.76
4485,3.3
4486,3.46
4487,3.35
4488,3.26
4489,3.63
4490,3.44
4491,3.21
4492,3.89
4493,3.43
4494,2.98
4495,3.09
4496,3.18
4497,3.24
4498,3.68
4499,3.09
4500,3.64
4501,3.17
4502,3.03
4503,3.31
4504,3.08
4505,3.48
4506,3.14
4507,3.8
4508,3.56
4509,3.71
4510,4.09
4511,4.1
4512,4.69
4513,3.14
4514,2.75
4515,3.96
4516,2.95
4517,4.03
4518,3.49
4519,4.02
4520,3.27
4521,2.98
4522,3.63
4523,3.99
4524,3.13
4525,3.53
4526,3.96
4527,3.49
4528,3.94
4529,2.74
4530,3.86
4531,3.45
4532,3.47
4533,3.59
4534,3.66
4535,3.49
4536,3.67
4537,3.68
4538,3.85
4539,3.56
4540,2.79
4541,3.41
4542,
4543,3.71
4544,3.34
4545,3.49
4546,3.64
4547,3.99
4548,3.23
4549,2.75
4550,3.96
4551,3.57
4552,3.34
4553,2.62
4554,3.1
4555,3.77
4556,4.13
4557,4.03
4558,3.24
4559,3.17
4560,3.31
4561,3.13
4562,3.1
4563,3.05
4564,3.96
4565,3.48
4566,3.48
4567,3.83
4568,3.52
4569,3.81
4570,3.34
4571,3.74
4572,3.58
4573,3.43
4574,3.15
4575,3.72
4576,4.12
4577,3.09
4578,3.43
4579,3.61
4580,3.27
4581,4.21
4582,4.0
4583,3.97
4584,3.47
4585,3.38
4586,3.42
4587,3.33
4588,3.33
4589,3.6
4590,4.0
4591,3.36
4592,3.46
4593,3.59
4594,3.16
4595,3.89
4596,3.33
4597,3.47
4598,3.46
4599,3.72
4600,3.58
4601,3.23
4602,3.08
4603,3.53
4604,2.56
4605,3.46
4606,3.62
4607,3.4
4608,3.51
4609,4.01
4610,4.07
4611,3.88
4612,3.42
4613,3.18
4614,3.33
4615,
4616,3.32
4617,3.56
4618,3.28
4619,3.27
4620,3.49
4621,3.6
4622,3.3
4623,3.55
4624,3.56
4625,3.71
4626,
4627,3.65
4628,3.25
4629,3.77
4630,3.73
4631,3.88
4632,3.94
4633,3.43
4634,3.52
4635,2.79
4636,3.98
4637,3.69
4638,3.28
4639,4.08
4640,3.88
4641,3.61
4642,3.61
4643,3.95
4644,3.84
4645,3.68
4646,3.35
4647,3.48
4648,4.29
4649,3.69
4650,3.6
4651,3.31
4652,3.39
4653,3.52
4654,3.7
4655,3.54
4656,3.45
4657,3.1
4658,3.95
4659,3.79
4660,3.79
4661,3.92
4662,3.47
4663,3.05
4664,3.59
4665,3.14
4666,3.33
4667,3.06
4668,2.93
4669,3.95
4670,3.3
4671,3.68
4672,3.41
4673,3.65
4674,2.83
4675,3.91
4676,3.03
4677,3.72
4678,3.47
4679,3.08
4680,3.56
4681,3.17
4682,3.24
4683,3.43
4684,3.4
4685,3.26
4686,3.33
4687,4.03
4688,3.52
4689,3.56
4690,3.19
4691,3.51
4692,4.28
4693,3.15
4694,3.33
4695,3.27
4696,3.58
4697,3.12
4698,3.03
4699,3.68
4700,3.9
4701,3.36
4702,3.69
4703,2.56
4704,3.42
4705,2.57
4706,3.05
4707,3.45
4708,3.7
4709,2.56
4710,3.41
4711,3.03
4712,3.41
4713,3.3
4714,3.69
4715,2.69
4716,3.97
4717,3.33
4718,3.5
4719,3.62
4720,3.02
4721,4.03
4722,2.9
4723,
4724,3.03
4725,3.77
4726,3.44
4727,2.92
4728,3.68
4729,4.13
4730,3.7
4731,3.8
4732,3.19
4733,4.11
4734,3.85
4735,2.91
4736,3.24
4737,3.19
4738,3.95
4739,
4740,3.82
4741,3.63
4742,2.91
4743,3.22
4744,3.68
4745,2.94
4746,3.2
4747,3.2
4748,3.32
4749,3.21
4750,3.78
4751,3.36
4752,3.61
4753,3.83
4754,3.6
4755,3.26
4756,3.59
4757,3.21
4758,3.63
4759,3.89
4760,3.66
4761,3.54
4762,3.6
4763,3.29
4764,3.54
4765,4.0
4766,3.0
4767,2.9
4768,
4769,2.91
4770,3.81
4771,3.4
4772,3.15
4773,3.79
4774,3.48
4775,3.7
4776,3.64
4777,3.6
4778,3.27
4779,3.7
4780,2.94
4781,3.58
4782,3.27
4783,3.61
4784,3.39
4785,3.44
4786,3.31
4787,3.26
4788,3.61
4789,3.65
4790,3.23
4791,3.42
4792,3.51
4793,3.66
4794,3.25
4795,3.71
4796,3.66
4797,3.01
4798,4.04
4799,3.57
4800,4.27
4801,3.63
4802,2.87
4803,3.47
4804,3.85
4805,3.06
4806,
4807,3.35
4808,3.08
4809,3.98
4810,3.54
4811,2.3
4812,
4813,3.22
4814,3.12
4815,3.62
4816,3.2
4817,3.68
4818,3.48
4819,3.31
4820,3.51
4821,3.32
4822,3.55
4823,3.26
4824,2.36
4825,3.78
4826,3.19
4827,3.48
4828,3.59
4829,3.54
4830,
4831,3.48
4832,3.28
4833,3.71
4834,3.19
4835,3.28
4836,3.16
4837,3.99
4838,3.11
4839,2.96
4840,3.6
4841,3.29
4842,3.89
4843,2.87
4844,3.23
4845,3.5
4846,3.24
4847,3.27
4848,3.99
4849,3.51
4850,4.39
4851,3.73
4852,3.69
4853,3.99
4854,3.82
4855,3.33
4856,4.23
4857,3.98
4858,3.37
4859,4.04
4860,4.2
4861,3.19
4862,3.5
4863,3.0
4864,3.8
4865,3.79
4866,3.47
4867,3.67
4868,4.44
4869,3.72
4870,3.21
4871,3.34
4872,3.46
4873,3.38
4874,2.73
4875,3.63
4876,3.39
4877,3.05
4878,3.88
4879,3.41
4880,3.47
4881,3.37
4882,3.4
4883,3.47
4884,3.61
4885,2.63
4886,3.24
4887,3.31
4888,
4889,3.38
4890,2.66
4891,4.04
4892,3.53
4893,4.35
4894,3.67
4895,3.87
4896,4.24
4897,3.58
4898,
4899,3.92
4900,3.49
4901,3.16
4902,2.97
4903,3.29
4904,3.0
4905,2.75
4906,3.25
4907,3.01
4908,3.42
4909,3.69
4910,3.16
4911,3.86
4912,3.55
4913,3.23
4914,4.07
4915,3.18
4916,3.22
4917,3.26
4918,3.74
4919,3.3
4920,3.37
4921,4.11
4922,3.62
4923,3.59
4924,2.37
4925,3.91
4926,3.39
4927,3.73
4928,4.06
4929,3.57
4930,3.34
4931,3.2
4932,3.5
4933,3.96
4934,3.09
4935,3.63
4936,3.81
4937,3.08
4938,3.58
4939,3.16
4940,4.0
4941,3.67
4942,2.98
4943,4.2
4944,2.98
4945,3.83
4946,4.2
4947,4.12
4948,3.49
4949,3.61
4950,2.74
4951,3.48
4952,3.28
4953,4.0
4954,3.34
4955,3.06
4956,4.03
4957,4.08
4958,3.71
4959,3.63
4960,3.34
4961,3.64
4962,3.91
4963,4.13
4964,3.88
4965,3.38
4966,3.52
4967,2.91
4968,3.54
4969,3.13
4970,4.13
4971,3.0
4972,2.74
4973,3.98
4974,3.21
4975,3.64
4976,3.94
4977,3.56
4978,3.08
4979,2.88
4980,4.0
4981,3.75
4982,3.26
4983,3.72
4984,3.6
4985,3.42
4986,3.61
4987,3.53
4988,3.11
4989,4.13
4990,3.76
4991,3.64
4992,3.79
4993,3.13
4994,3.76
4995,2.88
4996,3.2
4997,3.66
4998,3.39
4999,2.81
5000,3.65
5001,3.54
5002,3.17
5003,3.68
5004,3.3
5005,3.56
5006,3.88
5007,3.2
5008,2.58
5009,3.36
5010,4.29
5011,4.19
5012,3.57
5013,3.62
5014,2.57
5015,4.04
5016,3.51
5017,3.15
5018,3.21
5019,3.25
5020,3.29
5021,2.86
5022,4.2
5023,4.09
5024,3.3
5025,3.42
5026,3.66
5027,3.22
5028,3.07
5029,3.33
5030,3.39
5031,3.11
5032,3.76
5033,3.95
5034,3.65
5035,3.55
5036,3.86
5037,3.38
5038,3.7
5039,3.72
5040,2.82
5041,3.93
5042,3.49
5043,4.44
5044,2.88
5045,3.44
5046,3.71
5047,2.71
5048,3.65
5049,3.32
5050,4.52
5051,3.76
5052,4.05
5053,3.72
5054,3.03
5055,3.73
5056,3.0
5057,3.19
5058,3.73
5059,3.48
5060,3.43
5061,2.75
5062,4.29
5063,3.11
5064,3.7
5065,3.57
5066,3.58
5067,3.7
5068,3.0
5069,4.14
5070,3.24
5071,3.79
5072,3.95
5073,3.53
5074,3.58
5075,2.7
5076,3.65
5077,3.54
5078,3.96
5079,3.65
5080,3.34
5081,3.68
5082,3.29
5083,3.52
5084,3.9
5085,3.24
5086,3.11
5087,3.01
5088,3.44
5089,3.09
5090,4.06
5091,3.69
5092,
5093,4.06
5094,3.64
5095,
5096,3.4
5097,3.36
5098,2.62
5099,3.39
5100,3.27
5101,3.09
5102,4.7
5103,3.61
5104,3.42
5105,3.42
5106,3.59
5107,3.57
5108,4.18
5109,4.17
5110,3.07
5111,3.82
5112,3.94
5113,3.3
5114,3.18
5115,3.41
5116,2.62
5117,2.69
5118,3.76
5119,3.31
5120,3.16
5121,3.17
5122,3.84
5123,3.48
5124,3.76
5125,2.96
5126,3.51
5127,3.72
5128,3.62
5129,3.75
5130,3.37
5131,3.52
5132,3.69
5133,3.8
5134,3.6
5135,3.66
5136,3.33
5137,3.96
5138,3.44
5139,3.41
5140,3.39
5141,3.53
5142,4.21
5143,3.59
5144,3.83
5145,3.18
5146,3.58
5147,4.42
5148,3.79
5149,3.7
5150,3.85
5151,3.59
5152,4.04
5153,3.48
5154,3.49
5155,3.56
5156,3.75
5157,3.64
5158,3.51
5159,3.21
5160,3.43
5161,4.17
5162,3.69
5163,4.09
5164,3.36
5165,4.02
5166,3.4
5167,3.47
5168,2.99
5169,3.17
5170,3.42
5171,3.22
5172,3.72
5173,3.55
5174,3.23
5175,3.29
5176,3.61
5177,2.98
5178,2.39
5179,3.36
5180,3.52
5181,3.23
5182,2.99
5183,3.77
5184,3.67
5185,3.33
5186,3.64
5187,3.05
5188,2.84
5189,3.94
5190,4.05
5191,3.85
5192,4.05
5193,3.01
5194,3.18
5195,3.96
5196,3.53
5197,2.95
5198,3.39
5199,3.14
5200,3.78
5201,3.15
5202,3.26
5203,3.31
5204,3.59
5205,3.63
5206,3.28
5207,3.65
5208,3.78
5209,3.75
5210,2.32
5211,3.57
5212,4.19
5213,3.44
5214,3.2
5215,
5216,
5217,3.39
5218,3.49
5219,3.25
5220,3.73
5221,2.76
5222,3.99
5223,3.31
5224,3.17
5225,3.43
5226,2.87
5227,2.59
5228,3.82
5229,3.45
5230,3.35
5231,3.34
5232,3.41
5233,2.94
5234,3.19
5235,3.95
5236,3.62
5237,4.06
5238,3.98
5239,3.46
5240,4.37
5241,3.34
5242,3.21
5243,3.8
5244,3.96
5245,2.85
5246,3.37
5247,2.81
5248,3.23
5249,3.88
5250,3.73
5251,4.65
5252,3.58
5253,
5254,3.98
5255,2.83
5256,3.3
5257,3.02
5258,3.06
5259,2.95
5260,3.9
5261,3.48
5262,3.37
5263,3.56
5264,3.18
5265,3.42
5266,3.57
5267,3.21
5268,
5269,3.84
5270,3.33
5271,3.31
5272,4.03
5273,2.73
5274,3.04
5275,2.95
5276,3.55
5277,4.17
5278,3.3
5279,3.19
5280,3.23
5281,3.69
5282,3.34
5283,3.43
5284,4.33
5285,2.89
5286,3.52
5287,3.11
5288,3.46
5289,3.99
5290,3.89
5291,2.7
5292,3.88
5293,3.34
5294,4.07
5295,3.62
5296,3.22
5297,3.43
5298,3.27
5299,4.01
5300,3.69
5301,3.69
5302,2.86
5303,3.67
5304,2.92
5305,4.29
5306,3.8
5307,4.0
5308,3.17
5309,4.14
5310,2.9
5311,3.45
5312,2.64
5313,3.57
5314,3.34
5315,2.91
5316,3.49
5317,2.69
5318,
5319,4.34
5320,3.35
5321,3.54
5322,3.49
5323,2.94
5324,4.31
5325,2.27
5326,3.46
5327,3.68
5328,3.9
5329,3.56
5330,3.24
5331,3.87
5332,3.55
5333,3.53
5334,4.25
5335,3.27
5336,2.77
5337,3.62
5338,3.42
5339,3.24
5340,3.6
5341,3.74
5342,3.08
5343,3.74
5344,3.51
5345,3.07
5346,3.87
5347,3.76
5348,3.22
5349,3.7
5350,3.0
5351,3.46
5352,3.76
5353,4.0
5354,3.57
5355,3.2
5356,3.78
5357,2.94
5358,3.61
5359,3.47
5360,3.3
5361,3.01
5362,3.77
5363,3.29
5364,3.63
5365,3.39
5366,3.63
5367,3.2
5368,3.04
5369,2.71
5370,3.27
5371,3.45
5372,3.07
5373,2.63
5374,3.29
5375,3.2
5376,3.65
5377,4.44
5378,3.44
5379,3.06
5380,3.92
5381,3.08
5382,3.06
5383,3.56
5384,3.44
5385,3.54
5386,3.7
5387,3.36
5388,4.13
5389,3.75
5390,3.21
5391,3.23
5392,3.77
5393,3.04
5394,3.8
5395,3.8
5396,4.07
5397,3.27
5398,3.33
5399,4.06
5400,3.91
5401,3.89
5402,3.35
5403,3.4
5404,3.68
5405,3.61
5406,3.62
5407,
5408,4.45
5409,3.95
5410,3.11
5411,3.58
5412,3.24
5413,3.33
5414,3.25
5415,2.77
5416,2.75
5417,3.97
5418,3.24
5419,3.92
5420,2.74
5421,3.45
5422,2.99
5423,3.33
5424,3.64
5425,3.86
5426,3.46
5427,4.09
5428,3.33
5429,2.74
5430,3.31
5431,3.49
5432,
5433,3.62
5434,3.91
5435,4.16
5436,3.56
5437,3.44
5438,2.97
5439,3.5
5440,3.66
5441,
5442,3.51
5443,3.4
5444,4.35
5445,3.37
5446,3.26
5447,3.75
5448,3.65
5449,3.01
5450,3.76
5451,3.18
5452,2.93
5453,3.71
5454,3.99
5455,
5456,3.06
5457,3.62
5458,3.31
5459,3.78
5460,3.4
5461,3.05
5462,2.92
5463,3.0
5464,3.42
5465,3.34
5466,4.73
5467,3.88
5468,3.53
5469,3.52
5470,3.28
5471,3.32
5472,3.94
5473,3.24
5474,3.42
5475,2.83
5476,4.24
5477,3.8
5478,3.57
5479,3.67
5480,3.75
5481,3.69
5482,3.19
5483,
5484,3.75
5485,3.18
5486,4.04
5487,3.55
5488,3.45
5489,3.43
5490,3.77
5491,4.08
5492,3.01
5493,4.08
5494,
5495,3.39
5496,3.28
5497,3.55
5498,4.29
5499,3.32
5500,3.73
5501,3.79
5502,4.14
5503,3.81
5504,3.57
5505,3.31
5506,2.88
5507,3.35
5508,2.86
5509,2.95
5510,4.49
5511,2.96
5512,3.17
5513,3.4
5514,3.19
5515,3.86
5516,2.94
5517,3.75
5518,3.7
5519,3.47
5520,3.44
5521,3.74
5522,2.92
5523,3.5
5524,3.24
5525,2.95
5526,3.83
5527,3.46
5528,4.02
5529,4.21
5530,3.57
5531,3.99
5532,3.83
5533,3.68
5534,3.43
5535,3.07
5536,3.59
5537,3.84
5538,3.62
5539,4.18
5540,3.85
5541,3.58
5542,3.26
5543,3.77
5544,3.89
5545,3.36
5546,3.16
5547,3.59
5548,3.74
5549,3.71
5550,3.11
5551,3.33
5552,3.46
5553,4.1
5554,3.64
5555,3.7
5556,3.73
5557,3.45
5558,2.88
5559,3.61
5560,2.87
5561,3.79
5562,3.37
5563,4.02
5564,3.99
5565,3.9
5566,3.55
5567,4.28
5568,2.97
5569,3.82
5570,3.29
5571,3.09
5572,2.59
5573,4.14
5574,3.56
5575,
5576,3.3
5577,3.07
5578,3.18
5579,3.44
5580,3.45
5581,3.78
5582,3.3
5583,4.29
5584,2.92
5585,3.38
5586,2.81
5587,2.97
5588,3.41
5589,3.07
5590,2.77
5591,3.4
5592,3.4
5593,3.7
5594,3.9
5595,3.12
5596,4.39
5597,4.09
5598,3.69
5599,3.76
5600,4.13
5601,3.31
5602,4.09
5603,4.11
5604,4.44
5605,4.53
5606,3.75
5607,2.97
5608,3.6
5609,3.49
5610,3.27
5611,
5612,2.11
5613,3.69
5614,3.12
5615,3.95
5616,3.47
5617,3.94
5618,3.46
5619,3.32
5620,3.5
5621,3.16
5622,3.39
5623,3.84
5624,3.85
5625,3.67
5626,3.69
5627,4.08
5628,3.11
5629,2.34
5630,3.53
5631,3.78
5632,3.3
5633,4.3
5634,3.24
5635,4.03
5636,3.87
5637,3.68
5638,4.0
5639,4.07
5640,3.65
5641,3.85
5642,2.84
5643,4.24
5644,3.38
5645,3.06
5646,4.48
5647,3.04
5648,3.28
5649,2.95
5650,2.42
5651,3.96
5652,3.6
5653,3.64
5654,3.08
5655,3.73
5656,3.81
5657,3.49
5658,4.28
5659,3.63
5660,3.47
5661,3.2
5662,3.4
5663,3.04
5664,3.26
5665,3.51
5666,3.43
5667,4.01
5668,2.67
5669,3.59
5670,2.67
5671,3.81
5672,3.35
5673,3.74
5674,3.75
5675,3.65
5676,3.52
5677,3.03
5678,3.6
5679,4.01
5680,3.92
5681,3.49
5682,3.76
5683,
5684,2.85
5685,3.57
5686,4.56
5687,4.08
5688,3.56
5689,3.59
5690,3.45
5691,3.65
5692,4.1
5693,4.01
5694,3.11
5695,3.33
5696,3.23
5697,3.46
5698,2.68
5699,3.68
5700,
5701,3.47
5702,2.95
5703,2.82
5704,3.67
5705,3.54
5706,2.56
5707,3.63
5708,3.34
5709,2.55
5710,3.95
5711,3.69
5712,3.81
5713,3.17
5714,3.51
5715,3.49
5716,4.1
5717,3.4
5718,3.79
5719,3.22
5720,3.3
5721,3.83
5722,3.31
5723,3.69
5724,3.48
5725,3.12
5726,3.83
5727,3.26
5728,3.46
5729,4.86
5730,3.24
5731,3.19
5732,3.61
5733,2.58
5734,3.06
5735,3.54
5736,3.71
5737,3.41
5738,3.45
5739,3.85
5740,3.69
5741,4.58
5742,3.84
5743,4.05
5744,4.51
5745,3.06
5746,2.83
5747,3.38
5748,3.36
5749,3.16
5750,3.21
5751,3.52
5752,4.01
5753,3.17
5754,3.9
5755,3.52
5756,2.91
5757,4.12
5758,3.83
5759,3.58
5760,3.35
5761,3.42
5762,3.56
5763,3.35
5764,2.98
5765,4.25
5766,
5767,3.3
5768,
5769,3.07
5770,3.35
5771,3.72
5772,3.26
5773,2.12
5774,3.89
5775,3.03
5776,3.43
5777,4.08
5778,2.33
5779,3.26
5780,3.57
5781,4.21
5782,3.57
5783,3.99
5784,3.7
5785,3.59
5786,3.56
5787,2.28
5788,
5789,3.78
5790,3.4
5791,3.55
5792,3.87
5793,2.91
5794,3.39
5795,3.88
5796,4.45
5797,3.68
5798,3.8
5799,3.27
5800,3.44
5801,3.21
5802,3.65
5803,3.11
5804,3.69
5805,4.1
5806,3.16
5807,4.57
5808,3.79
5809,3.17
5810,3.64
5811,3.33
5812,4.15
5813,2.73
5814,2.91
5815,2.81
5816,2.66
5817,3.45
5818,3.42
5819,3.57
5820,3.79
5821,3.23
5822,2.82
5823,3.07
5824,3.19
5825,3.16
5826,3.05
5827,3.45
5828,4.23
5829,3.81
5830,3.23
5831,3.15
5832,2.73
5833,3.15
5834,3.12
5835,3.96
5836,3.51
5837,3.46
5838,3.63
5839,3.46
5840,3.43
5841,3.84
5842,3.71
5843,3.43
5844,3.69
5845,
5846,3.34
5847,3.88
5848,3.98
5849,3.33
5850,3.3
5851,4.06
5852,4.18
5853,3.21
5854,3.66
5855,3.77
5856,3.64
5857,3.93
5858,3.9
5859,4.12
5860,3.68
5861,3.71
5862,4.08
5863,2.88
5864,3.48
5865,3.19
5866,4.06
5867,3.35
5868,3.11
5869,3.45
5870,3.64
5871,2.35
5872,3.63
5873,3.74
5874,3.18
5875,3.02
5876,3.87
5877,3.61
5878,3.58
5879,3.45
5880,3.38
5881,3.26
5882,3.78
5883,3.91
5884,3.39
5885,3.92
5886,3.25
5887,3.35
5888,3.22
5889,4.29
5890,3.21
5891,3.29
5892,
5893,4.38
5894,3.62
5895,3.67
5896,3.43
5897,3.29
5898,3.5
5899,3.5
5900,3.98
5901,3.44
5902,3.77
5903,3.72
5904,3.33
5905,4.31
5906,4.21
5907,3.36
5908,3.98
5909,2.81
5910,3.47
5911,2.61
5912,3.48
5913,4.26
5914,2.93
5915,3.33
5916,3.37
5917,3.25
5918,2.97
5919,3.96
5920,3.16
5921,3.02
5922,3.92
5923,2.49
5924,3.46
5925,3.28
5926,4.03
5927,3.98
5928,3.85
5929,3.16
5930,3.02
5931,3.6
5932,3.2
5933,3.47
5934,2.96
5935,3.53
5936,3.07
5937,3.91
5938,3.02
5939,3.51
5940,3.65
5941,3.45
5942,4.23
5943,3.98
5944,2.92
5945,3.27
5946,2.69
5947,3.62
5948,4.01
5949,3.63
5950,3.92
5951,3.95
5952,3.81
5953,4.07
5954,3.39
5955,3.8
5956,3.91
5957,2.59
5958,3.3
5959,2.93
5960,4.31
5961,4.06
5962,3.09
5963,3.1
5964,3.2
5965,3.32
5966,3.69
5967,3.3
5968,4.17
5969,2.98
5970,4.19
5971,3.36
5972,3.61
5973,3.69
5974,3.02
5975,3.58
5976,4.0
5977,3.6
5978,3.44
5979,3.35
5980,3.92
5981,2.94
5982,3.52
5983,3.6
5984,3.43
5985,3.72
5986,
5987,3.35
5988,3.54
5989,3.62
5990,3.1
5991,4.28
5992,3.56
5993,3.43
5994,3.88
5995,4.37
5996,4.13
5997,3.47
5998,3.29
5999,3.11
6000,
6001,3.45
6002,3.72
6003,3.78
6004,2.73
6005,3.97
6006,4.18
6007,3.04
6008,2.98
6009,3.4
6010,3.53
6011,3.42
6012,3.08
6013,3.45
6014,3.43
6015,3.73
6016,3.73
6017,3.63
6018,3.78
6019,3.69
6020,3.55
6021,3.82
6022,3.74
6023,3.3
6024,3.17
6025,3.46
6026,3.73
6027,3.23
6028,3.03
6029,3.34
6030,3.38
6031,3.98
6032,3.42
6033,3.0
6034,4.58
6035,3.34
6036,3.46
6037,3.85
6038,3.18
6039,3.98
6040,3.08
6041,4.17
6042,2.9
6043,3.14
6044,4.1
6045,3.69
6046,4.06
6047,2.76
6048,4.12
6049,2.79
6050,3.12
6051,2.96
6052,4.04
6053,3.33
6054,4.44
6055,3.36
6056,3.92
6057,4.26
6058,3.38
6059,3.41
6060,3.43
6061,4.09
6062,3.83
6063,3.43
6064,3.94
6065,3.34
6066,3.56
6067,3.17
6068,3.48
6069,3.04
6070,3.47
6071,3.23
6072,3.5
6073,3.78
6074,3.5
6075,2.96
6076,4.22
6077,3.63
6078,3.34
6079,4.0
6080,3.14
6081,3.39
6082,3.72
6083,3.34
6084,3.37
6085,3.77
6086,3.43
6087,3.76
6088,3.95
6089,3.28
6090,3.31
6091,3.83
6092,4.05
6093,3.7
6094,3.14
6095,4.19
6096,3.46
6097,3.85
6098,3.55
6099,3.74
6100,4.06
6101,3.03
6102,3.81
6103,4.05
6104,3.06
6105,
6106,3.42
6107,3.29
6108,3.25
6109,4.06
6110,3.58
6111,3.81
6112,2.78
6113,3.47
6114,2.74
6115,3.19
6116,3.76
6117,3.42
6118,3.82
6119,3.65
6120,3.99
6121,3.09
6122,3.82
6123,3.9
6124,3.5
6125,3.94
6126,3.92
6127,3.33
6128,
6129,3.73
6130,3.76
6131,3.1
6132,3.72
6133,3.07
6134,3.42
6135,3.36
6136,3.08
6137,3.27
6138,3.69
6139,3.49
6140,3.45
6141,2.69
6142,3.56
6143,3.58
6144,3.43
6145,3.2
6146,3.53
6147,3.61
6148,3.16
6149,3.03
6150,4.18
6151,3.75
6152,3.7
6153,3.89
6154,4.11
6155,3.8
6156,3.6
6157,3.46
6158,3.44
6159,3.65
6160,3.51
6161,4.16
6162,3.63
6163,3.82
6164,4.17
6165,4.09
6166,3.36
6167,2.97
6168,3.96
6169,3.74
6170,3.29
6171,3.29
6172,4.13
6173,3.59
6174,3.67
6175,2.63
6176,3.56
6177,3.12
6178,3.21
6179,3.76
6180,3.88
6181,3.79
6182,2.87
6183,3.63
6184,3.39
6185,3.52
6186,3.41
6187,3.59
6188,3.43
6189,3.39
6190,3.77
6191,2.5
6192,3.3
6193,3.01
6194,3.91
6195,3.64
6196,3.18
6197,3.53
6198,3.42
6199,3.5
6200,3.66
6201,2.53
6202,3.18
6203,3.32
6204,3.08
6205,3.9
6206,3.88
6207,
6208,3.81
6209,3.32
6210,3.1
6211,2.74
6212,3.82
6213,3.5
6214,4.28
6215,
6216,3.68
6217,2.85
6218,4.14
6219,3.34
6220,3.57
6221,
6222,3.92
6223,4.05
6224,3.67
6225,3.57
6226,2.99
6227,3.5
6228,3.66
6229,2.92
6230,3.17
6231,3.78
6232,3.32
6233,3.32
6234,3.42
6235,4.54
6236,3.66
6237,3.23
6238,3.81
6239,2.75
6240,2.66
6241,4.04
6242,3.39
6243,4.1
6244,3.15
6245,3.89
6246,3.56
6247,4.04
6248,3.33
6249,3.2
6250,2.83
6251,3.17
6252,3.77
6253,3.69
6254,3.84
6255,3.01
6256,3.38
6257,3.35
6258,3.8
6259,3.9
6260,4.04
6261,3.63
6262,3.18
6263,4.1
6264,3.37
6265,3.13
6266,3.32
6267,3.44
6268,3.88
6269,4.0
6270,3.91
6271,2.9
6272,3.58
6273,3.76
6274,4.44
6275,3.49
6276,3.7
6277,4.3
6278,3.28
6279,3.43
6280,3.65
6281,3.48
6282,3.21
6283,3.91
6284,3.62
6285,3.75
6286,3.32
6287,3.59
6288,3.63
6289,3.73
6290,3.16
6291,
6292,3.19
6293,3.54
6294,3.5
6295,3.43
6296,3.55
6297,3.26
6298,3.1
6299,3.0
6300,3.09
6301,4.13
6302,3.73
6303,3.68
6304,3.83
6305,3.24
6306,3.07
6307,4.03
6308,
6309,3.5
6310,4.51
6311,3.48
6312,3.53
6313,3.23
6314,3.42
6315,3.54
6316,3.54
6317,4.31
6318,3.14
6319,4.1
6320,3.69
6321,3.15
6322,3.13
6323,4.46
6324,3.54
6325,2.99
6326,3.46
6327,3.92
6328,3.22
6329,3.21
6330,3.2
6331,3.96
6332,3.71
6333,3.43
6334,3.61
6335,3.53
6336,3.24
6337,3.68
6338,3.19
6339,3.38
6340,3.81
6341,3.33
6342,3.87
6343,3.83
6344,3.59
6345,3.11
6346,3.18
6347,4.11
6348,3.48
6349,3.9
6350,3.58
6351,4.01
6352,4.1
6353,3.19
6354,3.18
6355,3.34
6356,3.35
6357,3.74
6358,3.29
6359,3.29
6360,2.96
6361,3.19
6362,3.41
6363,3.19
6364,3.85
6365,3.98
6366,3.16
6367,3.61
6368,4.24
6369,2.38
6370,3.57
6371,3.29
6372,3.44
6373,3.02
6374,3.25
6375,3.3
6376,3.88
6377,3.89
6378,3.67
6379,3.01
6380,3.35
6381,3.98
6382,3.79
6383,3.28
6384,3.48
6385,4.24
6386,3.89
6387,3.36
6388,3.79
6389,4.0
6390,3.46
6391,3.58
6392,3.43
6393,3.16
6394,3.53
6395,3.12
6396,3.55
6397,3.65
6398,3.51
6399,3.86
6400,3.3
6401,2.84
6402,3.27
6403,3.08
6404,3.8
6405,3.5
6406,3.17
6407,4.04
6408,3.68
6409,4.33
6410,4.09
6411,2.82
6412,3.64
6413,3.39
6414,3.63
6415,3.4
6416,2.82
6417,3.3
6418,3.42
6419,3.51
6420,3.29
6421,3.49
6422,3.43
6423,3.12
6424,2.91
6425,3.06
6426,3.38
6427,3.81
6428,3.88
6429,
6430,3.61
6431,3.36
6432,3.06
6433,3.5
6434,3.63
6435,3.31
6436,
6437,3.67
6438,3.06
6439,3.77
6440,3.37
6441,3.38
6442,3.53
6443,3.85
6444,3.55
6445,3.8
6446,2.86
6447,3.41
6448,3.14
6449,3.62
6450,4.53
6451,3.56
6452,3.17
6453,2.16
6454,4.02
6455,3.02
6456,3.25
6457,3.87
6458,3.48
6459,3.13
6460,3.77
6461,3.65
6462,4.15
6463,2.47
6464,3.54
6465,3.94
6466,3.98
6467,3.59
6468,
6469,3.4
6470,4.16
6471,3.59
6472,
6473,4.15
6474,4.12
6475,4.1
6476,4.02
6477,3.48
6478,3.56
6479,4.07
6480,3.6
6481,4.25
6482,3.5
6483,3.4
6484,3.85
6485,3.02
6486,3.31
6487,3.38
6488,3.04
6489,3.69
6490,3.97
6491,3.55
6492,3.74
6493,3.84
6494,3.42
6495,2.73
6496,2.97
6497,3.5
6498,4.0
6499,3.46
6500,2.84
6501,3.28
6502,3.55
6503,3.27
6504,2.94
6505,3.45
6506,3.72
6507,3.59
6508,3.8
6509,3.74
6510,3.25
6511,3.42
6512,3.95
6513,4.24
6514,3.37
6515,3.51
6516,3.86
6517,3.9
6518,3.24
6519,3.51
6520,3.15
6521,3.39
6522,3.0
6523,3.77
6524,3.47
6525,3.13
6526,3.74
6527,3.65
6528,3.71
6529,3.52
6530,3.06
6531,3.63
6532,3.39
6533,3.44
6534,3.29
6535,4.14
6536,3.68
6537,3.72
6538,3.04
6539,3.45
6540,3.46
6541,3.49
6542,3.48
6543,4.26
6544,3.53
6545,3.73
6546,4.03
6547,3.71
6548,3.35
6549,3.86
6550,3.38
6551,3.49
6552,2.45
6553,2.86
6554,3.73
6555,3.42
6556,3.89
6557,3.97
6558,3.6
6559,3.6
6560,3.74
6561,3.93
6562,3.52
6563,3.59
6564,3.13
6565,3.74
6566,4.04
6567,3.33
6568,3.88
6569,3.59
6570,4.04
6571,3.34
6572,3.12
6573,3.55
6574,3.06
6575,3.51
6576,4.17
6577,3.41
6578,3.51
6579,3.75
6580,4.06
6581,3.29
6582,3.7
6583,3.3
6584,2.94
6585,3.44
6586,4.28
6587,4.05
6588,3.8
6589,3.3
6590,3.46
6591,3.9
6592,4.43
6593,3.89
6594,3.7
6595,3.26
6596,3.99
6597,3.49
6598,3.56
6599,3.44
6600,3.12
6601,3.84
6602,3.45
6603,2.45
6604,4.6
6605,3.66
6606,3.78
6607,3.88
6608,3.42
6609,3.99
6610,2.95
6611,3.28
6612,3.47
6613,3.37
6614,4.05
6615,3.84
6616,3.34
6617,3.24
6618,3.3
6619,3.63
6620,4.0
6621,3.68
6622,3.63
6623,3.5
6624,3.81
6625,
6626,3.46
6627,4.09
6628,3.89
6629,3.84
6630,3.79
6631,3.16
6632,3.4
6633,3.39
6634,3.88
6635,4.03
6636,3.68
6637,3.92
6638,2.76
6639,3.02
6640,3.33
6641,3.93
6642,3.21
6643,3.66
6644,3.32
6645,3.48
6646,3.49
6647,4.02
6648,3.15
6649,2.84
6650,3.59
6651,3.36
6652,3.46
6653,3.72
6654,3.36
6655,3.78
6656,4.1
6657,3.39
6658,3.01
6659,2.97
6660,3.54
6661,3.0
6662,4.32
6663,3.12
6664,3.58
6665,3.8
6666,2.97
6667,3.69
6668,3.04
6669,3.43
6670,3.47
6671,2.99
6672,3.59
6673,3.06
6674,2.79
6675,3.22
6676,3.41
6677,3.42
6678,3.51
6679,3.22
6680,3.48
6681,3.36
6682,3.79
6683,3.3
6684,3.64
6685,2.9
6686,3.87
6687,3.69
6688,3.7
6689,3.19
6690,2.87
6691,3.21
6692,3.76
6693,3.44
6694,3.15
6695,3.65
6696,4.17
6697,3.85
6698,4.29
6699,2.75
6700,3.91
6701,3.29
6702,2.73
6703,4.1
6704,4.08
6705,2.92
6706,4.48
6707,3.43
6708,4.29
6709,3.98
6710,2.92
6711,3.58
6712,3.29
6713,2.99
6714,2.93
6715,4.11
6716,3.34
6717,3.91
6718,3.82
6719,3.87
6720,3.27
6721,4.06
6722,2.98
6723,3.1
6724,3.24
6725,3.61
6726,3.06
6727,3.44
6728,3.84
6729,2.88
6730,2.82
6731,3.57
6732,3.09
6733,3.09
6734,2.95
6735,3.57
6736,3.56
6737,3.89
6738,3.65
6739,3.66
6740,4.01
6741,3.64
6742,3.86
6743,2.82
6744,4.46
6745,3.35
6746,3.35
6747,3.05
6748,3.26
6749,3.03
6750,3.11
6751,3.53
6752,3.78
6753,4.0
6754,3.55
6755,4.01
6756,3.53
6757,3.49
6758,3.29
6759,3.15
6760,3.61
6761,4.47
6762,4.01
6763,2.95
6764,3.65
6765,2.77
6766,3.68
6767,3.8
6768,4.21
6769,2.91
6770,3.44
6771,3.78
6772,
6773,3.98
6774,3.19
6775,2.54
6776,
6777,3.84
6778,3.8
6779,3.03
6780,2.86
6781,3.17
6782,3.39
6783,3.76
6784,
6785,3.52
6786,3.44
6787,3.39
6788,3.75
6789,3.01
6790,3.82
6791,4.12
6792,3.29
6793,3.73
6794,3.19
6795,3.24
6796,3.31
6797,3.59
6798,4.01
6799,3.27
6800,4.26
6801,3.61
6802,3.6
6803,3.79
6804,3.43
6805,3.49
6806,3.04
6807,3.49
6808,3.48
6809,3.47
6810,3.67
6811,3.75
6812,2.92
6813,3.34
6814,3.17
6815,3.11
6816,3.34
6817,3.21
6818,4.13
6819,3.55
6820,3.21
6821,3.19
6822,3.9
6823,3.35
6824,3.99
6825,3.41
6826,3.83
6827,4.09
6828,3.98
6829,3.55
6830,3.44
6831,3.48
6832,3.35
6833,3.62
6834,3.04
6835,3.18
6836,3.59
6837,3.59
6838,3.88
6839,3.58
6840,3.77
6841,3.41
6842,3.71
6843,3.35
6844,3.49
6845,3.3
6846,4.0
6847,3.42
6848,3.7
6849,3.26
6850,3.33
6851,3.53
6852,3.58
6853,3.14
6854,3.41
6855,3.62
6856,3.84
6857,3.53
6858,3.6
6859,4.07
6860,4.05
6861,4.24
6862,3.34
6863,4.19
6864,3.86
6865,3.73
6866,3.5
6867,3.89
6868,2.95
6869,3.55
6870,3.91
6871,4.11
6872,3.91
6873,3.28
6874,3.47
6875,3.36
6876,3.22
6877,4.02
6878,3.35
6879,3.91
6880,3.91
6881,2.93
6882,4.37
6883,2.52
6884,3.49
6885,3.39
6886,3.09
6887,2.43
6888,3.76
6889,3.7
6890,2.96
6891,4.7
6892,3.55
6893,3.14
6894,3.92
6895,3.27
6896,
6897,3.54
6898,3.46
6899,3.95
6900,4.09
6901,3.48
6902,3.44
6903,4.12
6904,3.67
6905,3.46
6906,2.98
6907,3.3
6908,3.85
6909,3.36
6910,3.27
6911,3.76
6912,2.96
6913,3.88
6914,3.87
6915,3.86
6916,3.4
6917,3.6
6918,3.44
6919,3.89
6920,3.42
6921,2.81
6922,3.38
6923,3.96
6924,3.9
6925,4.19
6926,3.17
6927,3.32
6928,3.67
6929,3.48
6930,3.27
6931,3.54
6932,4.52
6933,3.35
6934,3.8
6935,3.39
6936,3.21
6937,3.23
6938,3.26
6939,4.05
6940,2.97
6941,3.96
6942,3.79
6943,3.81
6944,2.71
6945,3.56
6946,3.41
6947,3.37
6948,3.24
6949,4.06
6950,3.46
6951,3.87
6952,3.99
6953,3.45
6954,4.0
6955,3.72
6956,3.41
6957,3.39
6958,3.51
6959,3.4
6960,3.63
6961,3.77
6962,3.72
6963,3.8
6964,3.67
6965,3.51
6966,2.95
6967,2.89
6968,3.85
6969,3.12
6970,3.82
6971,3.43
6972,3.5
6973,3.49
6974,3.52
6975,3.32
6976,3.66
6977,4.15
6978,3.39
6979,4.72
6980,2.83
6981,3.92
6982,2.82
6983,3.63
6984,3.82
6985,2.98
6986,3.7
6987,4.07
6988,3.67
6989,2.3
6990,3.51
6991,3.37
6992,3.17
6993,2.99
6994,3.25
6995,3.51
6996,3.55
6997,4.56
6998,3.45
6999,3.65
7000,3.58
7001,3.42
7002,3.71
7003,3.79
7004,3.73
7005,3.87
7006,3.91
7007,3.26
7008,3.43
7009,
7010,3.6
7011,2.72
7012,3.38
7013,3.63
7014,2.72
7015,3.77
7016,3.94
7017,3.8
7018,3.25
7019,3.31
7020,2.72
7021,3.06
7022,3.97
7023,3.68
7024,3.62
7025,3.16
7026,3.37
7027,3.95
7028,3.72
7029,3.68
7030,2.66
7031,3.63
7032,3.83
7033,3.4
7034,3.66
7035,2.98
7036,2.9
7037,2.69
7038,3.9
7039,4.65
7040,3.53
7041,4.01
7042,3.7
7043,3.84
7044,4.09
7045,3.23
7046,3.49
7047,3.5
7048,3.32
7049,3.38
7050,3.03
7051,4.09
7052,3.19
7053,3.26
7054,3.76
7055,3.57
7056,4.39
7057,3.91
7058,3.83
7059,3.25
7060,3.63
7061,3.74
7062,3.29
7063,3.64
7064,3.78
7065,3.53
7066,3.26
7067,3.83
7068,4.4
7069,3.32
7070,2.77
7071,3.93
7072,3.74
7073,3.1
7074,3.68
7075,
7076,3.3
7077,3.03
7078,3.53
7079,3.84
7080,3.5
7081,2.74
7082,3.44
7083,3.2
7084,3.29
7085,3.75
7086,2.64
7087,3.29
7088,3.55
7089,3.79
7090,3.5
7091,3.57
7092,3.39
7093,4.14
7094,3.63
7095,3.35
7096,3.7
7097,2.96
7098,4.14
7099,4.45
7100,3.72
7101,3.75
7102,2.83
7103,3.85
7104,3.61
7105,3.37
7106,3.57
7107,3.72
7108,3.42
7109,3.74
7110,3.6
7111,3.82
7112,3.47
7113,4.17
7114,2.76
7115,3.86
7116,3.08
7117,3.36
7118,3.43
7119,3.89
7120,3.56
7121,3.77
7122,3.29
7123,2.97
7124,3.77
7125,3.25
7126,3.65
7127,3.51
7128,3.96
7129,3.8
7130,3.25
7131,3.44
7132,3.24
7133,3.54
7134,3.98
7135,3.47
7136,2.46
7137,3.02
7138,2.47
7139,3.43
7140,3.3
7141,2.95
7142,3.3
7143,2.57
7144,3.51
7145,3.04
7146,3.96
7147,3.75
7148,4.37
7149,3.38
7150,
7151,2.92
7152,3.65
7153,3.4
7154,3.45
7155,3.67
7156,3.51
7157,3.82
7158,3.58
7159,4.85
7160,2.71
7161,3.67
7162,3.16
7163,2.95
7164,3.96
7165,2.83
7166,3.3
7167,
7168,3.44
7169,3.05
7170,3.3
7171,3.85
7172,2.63
7173,3.35
7174,3.42
7175,2.9
7176,3.08
7177,3.47
7178,3.78
7179,3.6
7180,3.82
7181,4.03
7182,3.7
7183,3.59
7184,3.39
7185,2.73
7186,3.51
7187,4.01
7188,3.28
7189,2.94
7190,3.01
7191,3.86
7192,3.26
7193,3.43
7194,3.46
7195,3.44
7196,3.22
7197,3.5
7198,3.26
7199,3.65
7200,3.43
7201,3.46
7202,3.33
7203,3.82
7204,3.68
7205,3.08
7206,4.12
7207,3.8
7208,2.69
7209,3.11
7210,3.86
7211,3.62
7212,4.14
7213,3.83
7214,3.84
7215,2.43
7216,3.46
7217,3.59
7218,3.35
7219,3.65
7220,2.68
7221,2.51
7222,3.32
7223,2.92
7224,3.56
7225,3.65
7226,3.34
7227,3.27
7228,3.44
7229,3.85
7230,3.52
7231,3.48
7232,3.8
7233,3.29
7234,3.71
7235,3.93
7236,3.99
7237,3.27
7238,3.7
7239,4.06
7240,4.42
7241,4.11
7242,2.84
7243,3.17
7244,3.29
7245,3.66
7246,3.91
7247,3.87
7248,3.91
7249,3.68
7250,3.66
7251,4.21
7252,3.77
7253,3.36
7254,3.91
7255,3.47
7256,2.6
7257,3.3
7258,3.34
7259,3.17
7260,4.37
7261,3.35
7262,3.44
7263,3.3
7264,3.74
7265,3.79
7266,4.03
7267,3.14
7268,3.11
7269,3.33
7270,3.73
7271,4.07
7272,3.13
7273,3.01
7274,2.91
7275,3.42
7276,3.52
7277,3.87
7278,3.63
7279,3.51
7280,3.15
7281,2.76
7282,3.82
7283,3.81
7284,3.4
7285,2.93
7286,3.19
7287,3.74
7288,3.35
7289,3.51
7290,4.13
7291,3.19
7292,3.59
7293,3.37
7294,2.91
7295,3.25
7296,3.34
7297,3.84
7298,3.62
7299,3.43
7300,3.51
7301,3.86
7302,3.48
7303,4.21
7304,3.68
7305,3.22
7306,3.92
7307,3.91
7308,3.8
7309,3.22
7310,3.39
7311,3.57
7312,
7313,3.95
7314,3.74
7315,2.59
7316,3.41
7317,2.72
7318,3.99
7319,4.09
7320,3.25
7321,3.77
7322,2.72
7323,3.9
7324,3.69
7325,3.26
7326,3.91
7327,4.24
7328,4.24
7329,3.76
7330,4.02
7331,3.81
7332,2.77
7333,4.02
7334,3.49
7335,2.39
7336,4.01
7337,3.87
7338,3.15
7339,3.62
7340,3.62
7341,4.08
7342,4.08
7343,3.3
7344,3.77
7345,4.44
7346,3.56
7347,2.84
7348,3.24
7349,3.09
7350,3.7
7351,3.55
7352,3.53
7353,3.95
7354,3.73
7355,3.1
7356,3.84
7357,3.4
7358,3.1
7359,3.41
7360,4.27
7361,4.34
7362,3.43
7363,3.67
7364,3.62
7365,3.84
7366,
7367,3.47
7368,3.16
7369,3.59
7370,3.23
7371,4.27
7372,2.97
7373,3.77
7374,3.38
7375,3.44
7376,3.96
7377,3.74
7378,3.97
7379,3.37
7380,3.56
7381,3.58
7382,3.7
7383,3.57
7384,4.21
7385,3.12
7386,3.25
7387,2.98
7388,4.3
7389,3.65
7390,4.03
7391,2.67
7392,3.84
7393,3.62
7394,3.29
7395,3.11
7396,3.99
7397,3.76
7398,4.08
7399,3.59
7400,3.31
7401,3.76
7402,3.94
7403,3.16
7404,4.11
7405,3.87
7406,3.89
7407,3.53
7408,3.96
7409,3.36
7410,2.92
7411,3.05
7412,3.6
7413,4.26
7414,2.7
7415,3.88
7416,3.55
7417,3.94
7418,3.51
7419,
7420,4.07
7421,4.22
7422,3.77
7423,2.86
7424,3.89
7425,3.31
7426,3.81
7427,3.95
7428,3.5
7429,4.01
7430,3.58
7431,3.7
7432,3.53
7433,3.34
7434,3.96
7435,3.71
7436,3.18
7437,3.8
7438,3.7
7439,3.43
7440,3.32
7441,2.73
7442,3.28
7443,3.05
7444,3.16
7445,3.28
7446,4.01
7447,3.2
7448,3.47
7449,3.25
7450,3.77
7451,3.04
7452,2.51
7453,3.94
7454,3.78
7455,3.29
7456,3.59
7457,3.51
7458,3.8
7459,3.49
7460,3.29
7461,3.71
7462,3.61
7463,2.84
7464,3.68
7465,3.88
7466,3.5
7467,3.34
7468,3.4
7469,3.87
7470,2.98
7471,3.56
7472,3.68
7473,4.68
7474,3.28
7475,3.01
7476,4.35
7477,4.54
7478,3.83
7479,3.74
7480,3.06
7481,3.12
7482,3.85
7483,3.53
7484,3.63
7485,3.75
7486,2.76
7487,3.58
7488,3.53
7489,3.55
7490,3.54
7491,3.84
7492,3.34
7493,3.4
7494,4.01
7495,2.51
7496,3.29
7497,3.5
7498,4.2
7499,3.42
7500,3.12
7501,3.49
7502,3.06
7503,4.03
7504,3.33
7505,3.67
7506,2.53
7507,3.49
7508,3.42
7509,3.25
7510,2.98
7511,3.8
7512,3.42
7513,4.0
7514,3.79
7515,3.12
7516,3.88
7517,4.07
7518,3.8
7519,3.67
7520,2.98
7521,3.28
7522,3.87
7523,3.88
7524,3.75
7525,3.37
7526,2.82
7527,3.3
7528,3.94
7529,3.5
7530,3.14
7531,3.52
7532,2.62
7533,2.88
7534,3.56
7535,3.29
7536,3.34
7537,3.36
7538,3.85
7539,4.11
7540,3.19
7541,3.22
7542,3.02
7543,3.39
7544,3.17
7545,3.65
7546,3.02
7547,3.24
7548,3.51
7549,3.62
7550,3.93
7551,4.39
7552,3.47
7553,3.09
7554,4.25
7555,3.3
7556,3.41
7557,3.44
7558,3.34
7559,3.57
7560,4.1
7561,3.19
7562,3.51
7563,2.65
7564,3.08
7565,3.34
7566,3.42
7567,3.2
7568,3.32
7569,2.88
7570,3.75
7571,3.47
7572,3.98
7573,3.54
7574,3.71
7575,
7576,4.8
7577,3.68
7578,3.22
7579,3.35
7580,2.57
7581,3.46
7582,3.33
7583,3.26
7584,3.18
7585,3.53
7586,3.9
7587,3.26
7588,3.68
7589,3.09
7590,3.68
7591,3.25
7592,3.93
7593,3.55
7594,3.75
7595,3.49
7596,3.43
7597,3.62
7598,4.3
7599,3.74
7600,3.19
7601,3.43
7602,3.79
7603,3.49
7604,3.55
7605,3.18
7606,3.15
7607,3.81
7608,3.23
7609,3.72
7610,3.49
7611,3.24
7612,3.16
7613,3.44
7614,3.32
7615,3.08
7616,4.02
7617,3.64
7618,3.82
7619,3.69
7620,3.08
7621,3.62
7622,3.55
7623,3.25
7624,3.07
7625,3.97
7626,
7627,3.49
7628,2.93
7629,3.79
7630,3.53
7631,3.18
7632,3.96
7633,2.89
7634,3.87
7635,3.25
7636,3.58
7637,3.8
7638,3.81
7639,3.91
7640,3.38
7641,3.45
7642,3.95
7643,2.74
7644,3.43
7645,3.73
7646,3.13
7647,3.38
7648,3.87
7649,3.88
7650,3.91
7651,2.75
7652,2.98
7653,3.96
7654,3.11
7655,3.54
7656,3.67
7657,3.23
7658,3.36
7659,3.59
7660,3.9
7661,3.33
7662,3.71
7663,3.42
7664,3.78
7665,3.49
7666,3.55
7667,2.96
7668,2.78
7669,3.65
7670,3.14
7671,4.33
7672,3.34
7673,3.47
7674,3.1
7675,3.19
7676,3.47
7677,4.03
7678,3.7
7679,
7680,3.51
7681,3.53
7682,3.77
7683,3.17
7684,3.92
7685,3.53
7686,3.62
7687,3.06
7688,4.05
7689,3.5
7690,3.72
7691,3.49
7692,3.41
7693,3.61
7694,3.07
7695,3.84
7696,3.57
7697,3.27
7698,3.07
7699,3.01
7700,3.35
7701,3.99
7702,3.4
7703,3.56
7704,3.38
7705,3.99
7706,3.74
7707,3.19
7708,4.06
7709,3.71
7710,3.67
7711,3.76
7712,2.85
7713,3.21
7714,3.6
7715,3.57
7716,3.53
7717,3.41
7718,3.01
7719,3.27
7720,3.74
7721,3.67
7722,3.05
7723,2.93
7724,3.12
7725,3.7
7726,3.28
7727,3.92
7728,3.72
7729,3.04
7730,4.15
7731,4.12
7732,3.97
7733,4.24
7734,3.47
7735,3.31
7736,4.35
7737,4.28
7738,3.68
7739,3.3
7740,3.71
7741,3.53
7742,3.45
7743,3.29
7744,3.01
7745,3.59
7746,3.97
7747,3.51
7748,3.4
7749,3.54
7750,3.24
7751,3.44
7752,3.61
7753,3.44
7754,3.28
7755,4.65
7756,2.22
7757,3.49
7758,3.23
7759,3.36
7760,3.04
7761,4.46
7762,3.95
7763,3.49
7764,2.74
7765,3.66
7766,3.27
7767,3.89
7768,3.73
7769,3.34
7770,3.66
7771,2.83
7772,3.89
7773,3.16
7774,3.94
7775,3.31
7776,3.93
7777,3.78
7778,3.49
7779,2.86
7780,3.43
7781,3.41
7782,3.2
7783,3.68
7784,3.84
7785,3.55
7786,3.46
7787,3.66
7788,3.6
7789,3.59
7790,3.94
7791,3.17
7792,3.52
7793,3.21
7794,4.04
7795,3.29
7796,3.57
7797,3.94
7798,3.76
7799,3.31
7800,3.96
7801,3.3
7802,2.46
7803,3.56
7804,4.12
7805,3.19
7806,3.7
7807,3.75
7808,3.19
7809,3.12
7810,
7811,3.52
7812,3.45
7813,3.38
7814,2.93
7815,3.59
7816,3.92
7817,3.74
7818,3.44
7819,3.11
7820,3.88
7821,3.07
7822,3.79
7823,3.85
7824,3.09
7825,2.71
7826,2.7
7827,4.03
7828,2.58
7829,3.93
7830,3.89
7831,3.64
7832,3.24
7833,3.17
7834,3.51
7835,3.24
7836,3.63
7837,3.26
7838,3.74
7839,3.57
7840,3.54
7841,3.05
7842,3.39
7843,3.74
7844,3.26
7845,3.44
7846,3.34
7847,3.35
7848,3.32
7849,3.16
7850,3.2
7851,4.01
7852,3.41
7853,3.52
7854,3.64
7855,3.1
7856,3.44
7857,3.57
7858,3.56
7859,3.76
7860,3.67
7861,3.44
7862,3.25
7863,3.68
7864,2.88
7865,4.12
7866,4.32
7867,2.56
7868,3.24
7869,3.7
7870,3.87
7871,2.85
7872,3.58
7873,3.61
7874,2.85
7875,3.35
7876,3.2
7877,4.13
7878,3.39
7879,3.63
7880,3.17
7881,3.15
7882,3.59
7883,3.3
7884,2.89
7885,4.38
7886,3.27
7887,3.44
7888,3.44
7889,2.79
7890,3.99
7891,2.98
7892,3.67
7893,2.97
7894,3.28
7895,
7896,3.72
7897,3.48
7898,3.22
7899,3.5
7900,3.3
7901,3.84
7902,3.15
7903,3.56
7904,2.95
7905,3.18
7906,3.83
7907,3.41
7908,3.68
7909,3.93
7910,3.5
7911,3.99
7912,3.77
7913,3.29
7914,
7915,3.22
7916,3.46
7917,3.51
7918,3.71
7919,2.86
7920,3.63
7921,3.81
7922,3.38
7923,3.4
7924,3.56
7925,3.17
7926,3.7
7927,2.99
7928,3.24
7929,3.74
7930,3.52
7931,3.96
7932,3.9
7933,2.85
7934,2.75
7935,3.25
7936,3.32
7937,3.35
7938,4.26
7939,3.81
7940,3.44
7941,3.62
7942,3.05
7943,3.56
7944,3.93
7945,3.27
7946,3.81
7947,3.55
7948,3.62
7949,3.91
7950,3.39
7951,3.45
7952,3.81
7953,3.78
7954,3.6
7955,3.75
7956,3.94
7957,3.31
7958,3.71
7959,3.47
7960,3.21
7961,3.68
7962,3.53
7963,3.72
7964,3.7
7965,3.46
7966,3.64
7967,3.61
7968,4.03
7969,3.78
7970,4.16
7971,3.47
7972,3.04
7973,3.69
7974,3.24
7975,2.59
7976,3.79
7977,3.33
7978,3.71
7979,3.49
7980,3.03
7981,2.81
7982,3.75
7983,3.65
7984,2.44
7985,3.55
7986,3.49
7987,3.46
7988,3.41
7989,3.33
7990,2.86
7991,3.08
7992,3.16
7993,3.49
7994,3.12
7995,3.76
7996,3.76
7997,3.46
7998,3.9
7999,4.04
8000,2.86
8001,2.89
8002,2.98
8003,4.84
8004,3.71
8005,3.32
8006,3.78
8007,3.32
8008,4.39
8009,3.89
8010,4.11
8011,3.94
8012,3.59
8013,3.3
8014,3.56
8015,3.61
8016,3.38
8017,3.56
8018,3.89
8019,2.65
8020,4.34
8021,2.84
8022,3.41
8023,3.34
8024,3.02
8025,3.71
8026,3.56
8027,2.88
8028,4.12
8029,3.11
8030,3.6
8031,2.79
8032,3.77
8033,4.07
8034,3.74
8035,3.4
8036,2.73
8037,3.86
8038,3.36
8039,3.1
8040,4.15
8041,3.48
8042,3.74
8043,3.88
8044,3.56
8045,3.51
8046,3.78
8047,3.64
8048,3.87
8049,3.45
8050,2.81
8051,3.12
8052,3.66
8053,3.2
8054,4.14
8055,2.78
8056,3.26
8057,3.24
8058,2.78
8059,3.22
8060,2.96
8061,3.99
8062,3.09
8063,4.36
8064,3.11
8065,3.67
8066,3.48
8067,4.19
8068,3.71
8069,3.97
8070,2.79
8071,2.59
8072,3.7
8073,3.17
8074,4.06
8075,3.72
8076,4.11
8077,3.78
8078,4.22
8079,3.13
8080,3.07
8081,3.39
8082,4.09
8083,2.77
8084,3.29
8085,3.48
8086,2.96
8087,3.6
8088,3.39
8089,3.66
8090,3.75
8091,4.01
8092,3.86
8093,3.56
8094,3.15
8095,3.45
8096,3.37
8097,3.46
8098,3.17
8099,4.1
8100,3.14
8101,3.54
8102,3.35
8103,3.0
8104,2.97
8105,3.42
8106,
8107,3.71
8108,3.6
8109,3.29
8110,2.96
8111,2.83
8112,3.4
8113,3.66
8114,3.53
8115,4.04
8116,3.92
8117,3.79
8118,3.36
8119,3.19
8120,4.18
8121,3.25
8122,3.32
8123,2.74
8124,3.39
8125,3.93
8126,3.81
8127,3.35
8128,2.71
8129,3.46
8130,3.92
8131,3.45
8132,2.95
8133,4.01
8134,3.17
8135,3.27
8136,3.17
8137,3.59
8138,3.67
8139,3.17
8140,3.56
8141,3.81
8142,3.59
8143,3.59
8144,3.36
8145,4.3
8146,3.77
8147,3.21
8148,3.16
8149,2.52
8150,3.68
8151,3.14
8152,3.73
8153,3.46
8154,3.37
8155,3.58
8156,2.69
8157,3.13
8158,3.82
8159,3.16
8160,3.57
8161,3.48
8162,3.59
8163,3.54
8164,3.27
8165,3.24
8166,3.63
8167,4.03
8168,3.48
8169,4.02
8170,3.42
8171,3.71
8172,3.23
8173,3.68
8174,3.66
8175,3.3
8176,3.42
8177,3.12
8178,2.9
8179,3.2
8180,3.13
8181,3.86
8182,3.46
8183,3.69
8184,3.28
8185,3.7
8186,3.55
8187,3.56
8188,3.25
8189,2.97
8190,3.41
8191,3.75
8192,3.59
8193,3.68
8194,3.67
8195,3.44
8196,3.24
8197,3.9
8198,3.27
8199,3.35
8200,3.53
8201,3.58
8202,3.54
8203,3.48
8204,3.59
8205,3.94
8206,3.64
8207,3.31
8208,
8209,3.53
8210,3.5
8211,3.17
8212,3.78
8213,4.18
8214,3.66
8215,4.34
8216,4.17
8217,4.1
8218,3.59
8219,3.79
8220,3.56
8221,4.31
8222,3.08
8223,3.48
8224,3.79
8225,
8226,3.93
8227,3.56
8228,4.02
8229,3.09
8230,2.63
8231,3.68
8232,3.4
8233,3.02
8234,3.22
8235,4.22
8236,3.31
8237,3.11
8238,4.02
8239,4.12
8240,4.06
8241,3.22
8242,3.74
8243,3.6
8244,2.99
8245,3.28
8246,3.53
8247,3.58
8248,3.47
8249,3.42
8250,3.26
8251,3.76
8252,3.45
8253,3.22
8254,4.24
8255,3.66
8256,3.5
8257,4.08
8258,4.12
8259,4.53
8260,3.66
8261,3.08
8262,3.98
8263,2.73
8264,3.37
8265,2.84
8266,3.1
8267,3.17
8268,3.96
8269,3.66
8270,3.62
8271,3.96
8272,3.67
8273,3.5
8274,3.43
8275,3.44
8276,3.76
8277,4.12
8278,3.95
8279,4.43
8280,3.51
8281,3.38
8282,3.7
8283,3.72
8284,3.36
8285,3.12
8286,3.68
8287,3.08
8288,3.72
8289,3.47
8290,2.47
8291,3.88
8292,3.13
8293,3.74
8294,3.62
8295,3.26
8296,2.86
8297,3.59
8298,3.93
8299,4.55
8300,3.42
8301,2.95
8302,4.29
8303,3.8
8304,3.62
8305,3.76
8306,4.03
8307,3.45
8308,3.1
8309,
8310,3.47
8311,3.69
8312,2.91
8313,2.72
8314,
8315,3.49
8316,2.52
8317,3.54
8318,3.23
8319,3.61
8320,4.27
8321,3.71
8322,3.81
8323,3.25
8324,3.82
8325,3.67
8326,3.26
8327,3.33
8328,3.58
8329,3.52
8330,4.24
8331,3.38
8332,3.47
8333,3.57
8334,4.42
8335,3.64
8336,4.03
8337,3.87
8338,2.88
8339,3.81
8340,3.69
8341,3.85
8342,
8343,3.24
8344,3.14
8345,2.84
8346,4.14
8347,3.0
8348,3.21
8349,3.68
8350,3.06
8351,3.19
8352,3.08
8353,3.6
8354,3.87
8355,3.54
8356,3.21
8357,3.9
8358,3.51
8359,3.09
8360,3.76
8361,3.9
8362,3.32
8363,4.05
8364,3.06
8365,3.87
8366,4.02
8367,2.83
8368,3.82
8369,3.59
8370,3.54
8371,3.81
8372,3.92
8373,4.32
8374,3.1
8375,3.81
8376,4.13
8377,3.58
8378,3.98
8379,3.31
8380,3.52
8381,3.79
8382,3.83
8383,3.01
8384,3.61
8385,2.92
8386,3.77
8387,3.32
8388,3.36
8389,3.29
8390,2.74
8391,3.51
8392,3.59
8393,3.79
8394,3.24
8395,3.56
8396,3.35
8397,3.59
8398,3.19
8399,4.35
8400,3.22
8401,
8402,2.97
8403,3.4
8404,3.09
8405,3.58
8406,2.89
8407,3.48
8408,3.12
8409,4.15
8410,3.23
8411,3.58
8412,3.75
8413,4.05
8414,3.7
8415,3.59
8416,3.65
8417,3.99
8418,3.55
8419,3.25
8420,3.89
8421,3.52
8422,3.58
8423,3.52
8424,3.59
8425,3.52
8426,3.42
8427,3.47
8428,2.68
8429,2.43
8430,3.72
8431,4.1
8432,3.97
8433,4.26
8434,3.1
8435,3.11
8436,3.97
8437,3.66
8438,2.88
8439,3.27
8440,2.94
8441,3.07
8442,4.42
8443,3.34
8444,3.3
8445,3.55
8446,3.33
8447,3.8
8448,3.43
8449,4.29
8450,3.57
8451,3.62
8452,3.64
8453,4.23
8454,4.13
8455,3.88
8456,3.86
8457,3.75
8458,3.89
8459,4.2
8460,3.56
8461,3.31
8462,3.24
8463,3.38
8464,4.0
8465,3.84
8466,4.17
8467,2.73
8468,3.33
8469,3.65
8470,3.91
8471,3.36
8472,3.6
8473,3.51
8474,3.58
8475,3.96
8476,4.31
8477,3.48
8478,
8479,3.23
8480,3.28
8481,3.32
8482,3.46
8483,4.19
8484,3.02
8485,3.05
8486,3.54
8487,3.69
8488,4.11
8489,3.69
8490,4.55
8491,3.69
8492,2.73
8493,3.87
8494,3.59
8495,2.95
8496,3.26
8497,3.52
8498,3.43
8499,3.85
8500,3.83
8501,3.49
8502,2.72
8503,3.34
8504,3.54
8505,2.91
8506,4.12
8507,3.82
8508,3.28
8509,3.92
8510,3.08
8511,3.24
8512,3.58
8513,3.57
8514,3.62
8515,4.03
8516,3.38
8517,3.51
8518,3.72
8519,3.62
8520,3.59
8521,3.26
8522,3.84
8523,2.14
8524,2.33
8525,3.8
8526,4.16
8527,3.46
8528,3.12
8529,3.41
8530,4.1
8531,3.49
8532,3.37
8533,4.31
8534,3.18
8535,3.26
8536,3.32
8537,3.09
8538,3.99
8539,3.24
8540,2.97
8541,3.5
8542,3.4
8543,3.83
8544,3.65
8545,3.34
8546,3.57
8547,3.33
8548,3.63
8549,3.24
8550,3.7
8551,3.97
8552,2.93
8553,3.56
8554,3.68
8555,
8556,3.61
8557,3.4
8558,2.85
8559,3.59
8560,4.01
8561,3.13
8562,3.18
8563,3.49
8564,3.29
8565,4.14
8566,3.59
8567,3.33
8568,3.06
8569,4.19
8570,3.77
8571,3.36
8572,3.27
8573,3.48
8574,3.92
8575,3.88
8576,3.68
8577,3.54
8578,2.92
8579,3.96
8580,3.52
8581,2.64
8582,3.21
8583,3.51
8584,3.1
8585,3.18
8586,3.39
8587,3.64
8588,3.45
8589,2.88
8590,2.93
8591,3.03
8592,4.16
8593,4.02
8594,3.13
8595,3.36
8596,3.87
8597,3.2
8598,3.07
8599,3.82
8600,3.31
8601,3.24
8602,2.31
8603,3.29
8604,3.54
8605,3.21
8606,2.68
8607,
8608,3.16
8609,3.51
8610,3.62
8611,3.95
8612,2.85
8613,3.64
8614,3.47
8615,3.61
8616,3.7
8617,3.08
8618,4.04
8619,3.73
8620,3.13
8621,3.57
8622,3.36
8623,2.81
8624,3.67
8625,3.73
8626,3.45
8627,4.44
8628,3.89
8629,3.31
8630,4.34
8631,3.06
8632,3.19
8633,3.82
8634,3.55
8635,3.22
8636,3.2
8637,3.45
8638,3.45
8639,3.43
8640,3.81
8641,3.8
8642,3.75
8643,
8644,4.07
8645,3.91
8646,4.22
8647,3.51
8648,
8649,3.36
8650,3.67
8651,3.61
8652,3.17
8653,3.74
8654,3.52
8655,3.19
8656,3.31
8657,3.81
8658,3.58
8659,2.95
8660,3.39
8661,3.61
8662,3.91
8663,3.22
8664,3.77
8665,3.31
8666,4.13
8667,2.99
8668,2.88
8669,2.84
8670,3.41
8671,
8672,3.25
8673,3.5
8674,4.53
8675,3.93
8676,3.57
8677,3.76
8678,3.96
8679,3.77
8680,3.77
8681,4.14
8682,3.95
8683,3.41
8684,2.94
8685,3.25
8686,3.71
8687,3.86
8688,2.97
8689,3.28
8690,3.73
8691,3.67
8692,2.95
8693,3.13
8694,3.73
8695,3.82
8696,3.27
8697,2.85
8698,
8699,3.66
8700,2.82
8701,4.36
8702,3.13
8703,2.85
8704,3.5
8705,3.28
8706,2.76
8707,3.36
8708,2.64
8709,
8710,3.33
8711,3.55
8712,3.54
8713,3.33
8714,3.45
8715,3.13
8716,3.34
8717,3.71
8718,3.47
8719,3.44
8720,3.42
8721,3.89
8722,2.52
8723,3.53
8724,4.27
8725,4.06
8726,3.59
8727,2.66
8728,3.46
8729,2.78
8730,3.71
8731,3.71
8732,2.57
8733,3.61
8734,2.98
8735,3.78
8736,3.26
8737,4.45
8738,3.66
8739,3.62
8740,3.42
8741,3.02
8742,3.29
8743,3.14
8744,3.96
8745,3.85
8746,2.58
8747,3.48
8748,3.38
8749,3.04
8750,3.48
8751,
8752,3.2
8753,3.7
8754,3.15
8755,3.62
8756,3.46
8757,2.97
8758,3.88
8759,2.21
8760,3.62
8761,3.27
8762,4.14
8763,3.78
8764,3.21
8765,2.84
8766,3.49
8767,3.43
8768,3.34
8769,3.42
8770,4.5
8771,3.48
8772,3.72
8773,3.29
8774,3.35
8775,2.92
8776,3.25
8777,4.1
8778,3.3
8779,2.86
8780,3.61
8781,3.59
8782,3.84
8783,3.79
8784,3.89
8785,3.41
8786,4.11
8787,3.4
8788,4.19
8789,3.3
8790,2.98
8791,3.47
8792,3.38
8793,3.23
8794,4.88
8795,3.92
8796,
8797,3.99
8798,4.24
8799,3.69
8800,3.15
8801,3.59
8802,3.58
8803,3.82
8804,3.82
8805,3.06
8806,3.12
8807,3.7
8808,3.18
8809,2.88
8810,4.02
8811,3.68
8812,3.32
8813,3.08
8814,3.25
8815,3.74
8816,2.77
8817,3.61
8818,3.27
8819,4.11
8820,3.82
8821,3.17
8822,3.38
8823,3.3
8824,3.43
8825,2.99
8826,3.29
8827,3.52
8828,3.34
8829,3.38
8830,4.02
8831,3.23
8832,3.33
8833,3.69
8834,3.59
8835,4.21
8836,3.34
8837,
8838,2.88
8839,4.18
8840,
8841,3.68
8842,3.87
8843,3.56
8844,
8845,3.77
8846,3.49
8847,3.6
8848,3.75
8849,3.6
8850,2.65
8851,3.21
8852,3.47
8853,3.68
8854,3.59
8855,3.51
8856,3.41
8857,3.91
8858,3.57
8859,3.3
8860,3.92
8861,3.34
8862,3.95
8863,3.22
8864,3.69
8865,3.83
8866,3.34
8867,3.44
8868,4.13
8869,3.48
8870,2.82
8871,3.82
8872,3.68
8873,3.26
8874,4.14
8875,3.86
8876,3.85
8877,3.67
8878,4.07
8879,4.06
8880,2.96
8881,3.51
8882,3.8
8883,3.32
8884,3.31
8885,3.66
8886,3.38
8887,3.93
8888,2.81
8889,3.24
8890,4.23
8891,3.58
8892,3.24
8893,3.61
8894,3.64
8895,3.44
8896,3.36
8897,3.58
8898,3.14
8899,3.41
8900,3.27
8901,3.36
8902,3.46
8903,2.57
8904,3.45
8905,3.88
8906,3.64
8907,4.06
8908,3.85
8909,3.56
8910,3.51
8911,3.99
8912,2.89
8913,4.2
8914,2.61
8915,3.43
8916,3.41
8917,3.15
8918,3.59
8919,2.35
8920,3.68
8921,3.3
8922,2.94
8923,3.67
8924,3.02
8925,4.38
8926,2.78
8927,3.66
8928,4.04
8929,3.15
8930,4.06
8931,3.43
8932,3.75
8933,3.72
8934,3.63
8935,3.58
8936,4.09
8937,4.4
8938,2.94
8939,4.13
8940,3.52
8941,3.15
8942,3.35
8943,3.66
8944,3.88
8945,4.04
8946,3.78
8947,3.69
8948,3.72
8949,2.68
8950,3.29
8951,4.07
8952,
8953,4.06
8954,3.49
8955,3.46
8956,3.24
8957,3.07
8958,3.43
8959,3.15
8960,3.41
8961,3.18
8962,3.3
8963,3.62
8964,3.29
8965,2.72
8966,3.89
8967,3.39
8968,3.8
8969,4.26
8970,3.65
8971,3.25
8972,4.01
8973,4.3
8974,3.59
8975,2.87
8976,3.58
8977,4.02
8978,3.55
8979,3.16
8980,3.66
8981,2.86
8982,3.92
8983,3.68
8984,3.58
8985,2.66
8986,3.9
8987,3.19
8988,3.8
8989,3.92
8990,3.67
8991,3.29
8992,2.93
8993,3.81
8994,4.14
8995,3.34
8996,3.55
8997,3.02
8998,3.12
8999,3.41
9000,3.6
9001,3.78
9002,3.82
9003,3.37
9004,3.51
9005,3.04
9006,2.58
9007,3.14
9008,3.87
9009,4.64
9010,3.02
9011,4.34
9012,3.89
9013,3.41
9014,3.4
9015,3.84
9016,2.8
9017,3.3
9018,3.26
9019,4.08
9020,3.97
9021,3.72
9022,3.34
9023,3.42
9024,3.88
9025,2.96
9026,3.57
9027,3.48
9028,3.71
9029,3.51
9030,3.48
9031,3.28
9032,3.69
9033,3.92
9034,3.53
9035,3.18
9036,3.53
9037,3.45
9038,3.43
9039,3.51
9040,3.83
9041,3.4
9042,3.6
9043,3.89
9044,3.83
9045,3.95
9046,3.46
9047,3.5
9048,3.78
9049,3.64
9050,3.22
9051,3.75
9052,3.52
9053,3.09
9054,3.79
9055,3.7
9056,3.41
9057,4.06
9058,3.62
9059,3.81
9060,3.55
9061,3.55
9062,3.09
9063,3.48
9064,3.36
9065,3.65
9066,3.74
9067,3.82
9068,3.33
9069,3.61
9070,3.07
9071,3.72
9072,3.1
9073,3.94
9074,3.65
9075,2.95
9076,4.06
9077,3.15
9078,3.83
9079,4.05
9080,4.1
9081,3.02
9082,3.78
9083,3.7
9084,2.88
9085,3.35
9086,3.61
9087,2.68
9088,3.58
9089,3.61
9090,3.91
9091,
9092,3.58
9093,
9094,3.23
9095,3.65
9096,2.73
9097,3.53
9098,3.96
9099,3.59
9100,3.11
9101,3.67
9102,3.02
9103,
9104,3.33
9105,3.16
9106,3.26
9107,3.59
9108,3.03
9109,3.08
9110,4.01
9111,3.47
9112,4.07
9113,4.05
9114,3.41
9115,3.49
9116,2.92
9117,3.9
9118,3.24
9119,3.35
9120,4.29
9121,3.74
9122,
9123,2.81
9124,3.65
9125,4.07
9126,3.24
9127,3.66
9128,3.78
9129,3.08
9130,3.51
9131,2.67
9132,3.37
9133,3.17
9134,3.74
9135,3.57
9136,3.86
9137,3.15
9138,4.12
9139,3.75
9140,3.42
9141,4.05
9142,3.68
9143,3.56
9144,3.07
9145,3.33
9146,4.0
9147,4.16
9148,2.84
9149,3.87
9150,4.06
9151,2.95
9152,3.97
9153,3.17
9154,3.42
9155,3.7
9156,3.05
9157,3.16
9158,3.96
9159,3.47
9160,2.84
9161,3.26
9162,3.82
9163,3.51
9164,3.6
9165,3.24
9166,3.72
9167,2.84
9168,3.28
9169,2.81
9170,3.68
9171,3.73
9172,3.69
9173,3.76
9174,3.8
9175,3.37
9176,3.42
9177,3.84
9178,4.02
9179,3.47
9180,3.25
9181,3.31
9182,4.06
9183,3.66
9184,2.74
9185,4.24
9186,3.0
9187,3.23
9188,3.3
9189,3.4
9190,3.49
9191,3.62
9192,3.73
9193,3.44
9194,3.22
9195,3.23
9196,4.06
9197,3.94
9198,3.85
9199,3.45
9200,3.43
9201,3.79
9202,3.5
9203,2.96
9204,3.73
9205,3.52
9206,2.9
9207,3.84
9208,2.92
9209,3.34
9210,3.31
9211,2.71
9212,3.61
9213,3.75
9214,3.73
9215,4.28
9216,3.65
9217,3.91
9218,3.95
9219,3.37
9220,3.28
9221,3.08
9222,3.34
9223,3.14
9224,3.63
9225,4.22
9226,2.97
9227,3.84
9228,4.26
9229,4.35
9230,3.54
9231,3.04
9232,3.74
9233,3.42
9234,4.03
9235,3.33
9236,4.21
9237,3.8
9238,3.54
9239,3.13
9240,3.85
9241,3.08
9242,3.55
9243,3.46
9244,4.01
9245,3.89
9246,3.39
9247,3.18
9248,3.78
9249,3.65
9250,3.73
9251,4.21
9252,3.19
9253,3.43
9254,3.23
9255,2.82
9256,4.42
9257,
9258,3.31
9259,3.41
9260,3.92
9261,3.44
9262,4.05
9263,3.41
9264,4.66
9265,4.2
9266,3.37
9267,2.52
9268,3.78
9269,3.69
9270,3.62
9271,3.52
9272,3.28
9273,3.26
9274,2.65
9275,2.92
9276,3.1
9277,3.42
9278,2.83
9279,3.01
9280,3.55
9281,3.36
9282,4.02
9283,3.08
9284,3.4
9285,3.01
9286,3.67
9287,2.86
9288,3.15
9289,3.0
9290,2.68
9291,3.69
9292,3.84
9293,2.95
9294,3.45
9295,3.41
9296,3.38
9297,3.32
9298,3.93
9299,3.18
9300,4.02
9301,2.89
9302,4.34
9303,3.46
9304,2.84
9305,3.48
9306,3.53
9307,3.53
9308,3.65
9309,3.77
9310,3.83
9311,3.81
9312,3.39
9313,2.7
9314,3.95
9315,3.31
9316,2.76
9317,2.84
9318,3.9
9319,3.4
9320,4.11
9321,3.14
9322,3.61
9323,3.42
9324,3.95
9325,3.14
9326,3.91
9327,
9328,3.06
9329,3.36
9330,3.32
9331,3.08
9332,3.47
9333,3.73
9334,3.45
9335,3.36
9336,2.99
9337,3.56
9338,3.44
9339,2.82
9340,3.12
9341,3.28
9342,3.38
9343,4.16
9344,
9345,3.79
9346,3.25
9347,3.61
9348,2.94
9349,3.32
9350,3.66
9351,3.14
9352,3.54
9353,3.08
9354,3.56
9355,3.46
9356,2.91
9357,4.22
9358,3.05
9359,3.19
9360,3.26
9361,3.16
9362,4.05
9363,3.08
9364,3.98
9365,3.57
9366,3.79
9367,3.67
9368,4.02
9369,3.73
9370,3.39
9371,4.07
9372,2.99
9373,4.06
9374,3.36
9375,3.11
9376,3.54
9377,3.48
9378,3.08
9379,3.77
9380,3.33
9381,2.63
9382,3.24
9383,3.43
9384,3.58
9385,3.01
9386,3.77
9387,3.17
9388,3.58
9389,3.65
9390,3.66
9391,3.42
9392,4.08
9393,3.4
9394,3.45
9395,3.32
9396,3.68
9397,2.9
9398,3.54
9399,3.82
9400,2.86
9401,3.29
9402,4.03
9403,
9404,4.04
9405,3.69
9406,3.51
9407,3.68
9408,3.37
9409,4.01
9410,3.97
9411,3.15
9412,3.39
9413,3.28
9414,3.84
9415,3.48
9416,3.81
9417,3.21
9418,4.21
9419,3.43
9420,3.7
9421,3.44
9422,3.9
9423,3.26
9424,3.62
9425,2.95
9426,4.33
9427,3.66
9428,2.82
9429,3.5
9430,3.34
9431,3.69
9432,2.96
9433,2.38
9434,2.63
9435,3.39
9436,4.03
9437,
9438,3.54
9439,3.37
9440,3.52
9441,3.31
9442,3.88
9443,
9444,3.37
9445,3.23
9446,3.11
9447,2.97
9448,3.83
9449,3.06
9450,3.89
9451,2.31
9452,3.23
9453,4.04
9454,3.65
9455,4.14
9456,3.21
9457,3.54
9458,3.79
9459,3.22
9460,4.07
9461,3.52
9462,3.54
9463,3.84
9464,4.06
9465,3.98
9466,3.44
9467,4.4
9468,3.81
9469,2.93
9470,2.39
9471,3.21
9472,3.37
9473,3.21
9474,3.86
9475,3.19
9476,3.14
9477,3.55
9478,2.98
9479,3.07
9480,3.56
9481,4.04
9482,3.76
9483,3.33
9484,3.1
9485,3.45
9486,4.03
9487,3.41
9488,3.75
9489,3.76
9490,3.62
9491,3.72
9492,3.92
9493,3.94
9494,3.7
9495,3.3
9496,4.09
9497,3.91
9498,4.0
9499,4.13
9500,3.59
9501,4.16
9502,3.04
9503,3.85
9504,3.67
9505,2.55
9506,3.4
9507,
9508,3.42
9509,3.85
9510,4.03
9511,3.79
9512,3.76
9513,3.61
9514,3.7
9515,3.82
9516,3.72
9517,3.32
9518,
9519,3.02
9520,3.4
9521,3.84
9522,3.65
9523,3.91
9524,4.29
9525,3.5
9526,2.97
9527,2.96
9528,3.73
9529,3.77
9530,3.26
9531,3.49
9532,3.37
9533,3.43
9534,4.11
9535,4.79
9536,3.27
9537,3.51
9538,4.01
9539,4.31
9540,3.4
9541,3.95
9542,3.06
9543,4.12
9544,3.14
9545,3.21
9546,3.78
9547,4.15
9548,3.43
9549,3.04
9550,3.26
9551,3.73
9552,4.14
9553,2.98
9554,3.65
9555,3.08
9556,3.67
9557,3.38
9558,3.77
9559,3.24
9560,3.59
9561,3.86
9562,3.52
9563,3.58
9564,3.26
9565,4.34
9566,2.96
9567,3.35
9568,3.72
9569,4.73
9570,3.19
9571,3.44
9572,2.06
9573,3.4
9574,3.58
9575,3.68
9576,3.58
9577,3.67
9578,3.01
9579,2.93
9580,3.6
9581,4.03
9582,3.28
9583,3.99
9584,3.99
9585,3.94
9586,3.39
9587,3.15
9588,3.84
9589,3.74
9590,4.27
9591,3.14
9592,3.59
9593,3.55
9594,
9595,3.33
9596,3.06
9597,3.68
9598,3.0
9599,3.12
9600,3.74
9601,2.83
9602,3.95
9603,3.76
9604,2.94
9605,3.92
9606,3.09
9607,3.29
9608,3.51
9609,4.13
9610,3.91
9611,3.37
9612,2.58
9613,2.6
9614,3.52
9615,3.64
9616,3.62
9617,3.01
9618,3.82
9619,2.75
9620,3.13
9621,2.78
9622,4.27
9623,3.03
9624,3.73
9625,2.77
9626,3.54
9627,3.35
9628,3.63
9629,2.76
9630,3.91
9631,4.0
9632,3.27
9633,3.87
9634,3.36
9635,3.77
9636,3.13
9637,3.69
9638,2.63
9639,3.34
9640,3.64
9641,4.07
9642,2.84
9643,3.58
9644,4.18
9645,2.78
9646,3.2
9647,3.14
9648,3.54
9649,3.43
9650,3.35
9651,3.16
9652,3.17
9653,3.45
9654,3.32
9655,3.85
9656,3.65
9657,3.4
9658,3.07
9659,
9660,3.51
9661,3.63
9662,3.27
9663,3.61
9664,3.08
9665,
9666,3.07
9667,3.78
9668,3.08
9669,3.78
9670,4.0
9671,3.63
9672,3.4
9673,2.89
9674,3.7
9675,2.88
9676,4.2
9677,3.07
9678,3.02
9679,2.75
9680,2.84
9681,2.81
9682,3.22
9683,3.16
9684,3.42
9685,3.29
9686,3.03
9687,3.3
9688,3.04
9689,2.82
9690,3.39
9691,2.95
9692,3.18
9693,3.63
9694,3.73
9695,3.07
9696,4.19
9697,3.63
9698,3.27
9699,3.85
9700,3.58
9701,3.49
9702,3.4
9703,3.25
9704,3.58
9705,3.55
9706,3.31
9707,3.45
9708,2.95
9709,3.94
9710,3.62
9711,3.5
9712,3.73
9713,3.11
9714,3.48
9715,3.25
9716,3.48
9717,4.24
9718,4.06
9719,
9720,3.11
9721,3.09
9722,
9723,3.81
9724,3.3
9725,3.71
9726,3.54
9727,3.35
9728,3.75
9729,3.36
9730,2.79
9731,3.06
9732,3.71
9733,3.62
9734,3.68
9735,3.79
9736,3.31
9737,3.31
9738,2.68
9739,3.29
9740,3.44
9741,3.61
9742,3.27
9743,3.3
9744,3.98
9745,2.97
9746,3.26
9747,3.64
9748,3.63
9749,3.44
9750,4.11
9751,3.6
9752,3.63
9753,2.84
9754,3.91
9755,3.76
9756,2.36
9757,3.56
9758,3.59
9759,3.75
9760,4.14
9761,3.44
9762,3.91
9763,3.65
9764,3.58
9765,3.4
9766,3.72
9767,2.92
9768,3.18
9769,3.74
9770,3.98
9771,3.0
9772,3.23
9773,2.87
9774,3.43
9775,3.44
9776,3.58
9777,3.41
9778,3.46
9779,4.21
9780,3.94
9781,3.1
9782,3.55
9783,2.82
9784,2.82
9785,3.33
9786,3.05
9787,2.76
9788,3.6
9789,3.42
9790,3.71
9791,3.25
9792,2.91
9793,4.21
9794,3.43
9795,3.5
9796,3.43
9797,3.07
9798,3.21
9799,4.17
9800,3.31
9801,3.73
9802,3.87
9803,3.13
9804,3.46
9805,3.12
9806,3.22
9807,3.24
9808,3.51
9809,2.74
9810,
9811,3.91
9812,3.51
9813,2.75
9814,3.14
9815,3.82
9816,3.18
9817,3.34
9818,3.79
9819,3.78
9820,2.98
9821,3.25
9822,3.2
9823,4.05
9824,3.03
9825,3.51
9826,4.01
9827,3.5
9828,3.47
9829,3.78
9830,3.4
9831,4.24
9832,3.7
9833,2.98
9834,3.93
9835,4.04
9836,4.61
9837,3.82
9838,3.59
9839,3.92
9840,3.56
9841,3.81
9842,3.16
9843,3.45
9844,3.41
9845,3.8
9846,3.77
9847,4.02
9848,3.79
9849,3.37
9850,4.16
9851,3.33
9852,3.38
9853,2.44
9854,3.46
9855,3.96
9856,3.86
9857,3.46
9858,3.53
9859,4.16
9860,3.57
9861,3.54
9862,3.48
9863,2.78
9864,3.56
9865,4.28
9866,3.31
9867,3.87
9868,3.82
9869,3.09
9870,3.49
9871,2.89
9872,3.78
9873,3.2
9874,3.5
9875,3.07
9876,4.19
9877,3.85
9878,3.73
9879,3.2
9880,3.09
9881,
9882,2.91
9883,3.53
9884,3.46
9885,3.57
9886,3.97
9887,3.01
9888,3.24
9889,3.53
9890,
9891,3.6
9892,3.38
9893,4.02
9894,3.69
9895,3.91
9896,
9897,4.03
9898,3.96
9899,3.62
9900,2.84
9901,3.74
9902,3.72
9903,3.37
9904,2.85
9905,3.4
9906,3.5
9907,3.09
9908,3.67
9909,3.27
9910,2.63
9911,3.53
9912,3.73
9913,3.77
9914,3.94
9915,3.66
9916,4.38
9917,4.0
9918,3.24
9919,3.45
9920,3.3
9921,3.51
9922,
9923,3.55
9924,3.94
9925,3.54
9926,
9927,4.43
9928,3.35
9929,4.08
9930,3.21
9931,3.93
9932,3.67
9933,4.12
9934,3.54
9935,3.11
9936,3.38
9937,3.89
9938,4.16
9939,3.0
9940,3.24
9941,3.54
9942,2.9
9943,3.73
9944,2.92
9945,3.49
9946,3.17
9947,3.06
9948,2.98
9949,3.69
9950,3.08
9951,3.15
9952,3.72
9953,2.67
9954,3.05
9955,3.47
9956,3.56
9957,3.72
9958,3.48
9959,3.3
9960,3.46
9961,3.86
9962,3.31
9963,3.08
9964,3.53
9965,3.74
9966,3.2
9967,3.63
9968,3.27
9969,3.73
9970,3.6
9971,3.46
9972,3.22
9973,3.37
9974,3.36
9975,3.15
9976,3.19
9977,
9978,3.45
9979,3.58
9980,3.48
9981,3.03
9982,
9983,2.94
9984,3.38
9985,2.81
9986,3.23
9987,3.74
9988,3.27
9989,3.06
9990,3.82
9991,3.47
9992,3.43
9993,3.07
9994,3.99
9995,3.9
9996,3.5
9997,
9998,3.94
9999,3.99
10000,3.74
10001,3.09
10002,3.28
10003,3.57
10004,3.19
10005,3.87
10006,3.29
10007,3.48
10008,3.57
10009,3.5
10010,3.75
10011,3.46
10012,3.95
10013,3.87
10014,3.84
10015,4.05
10016,3.49
10017,3.13
10018,3.37
10019,3.35
10020,3.24
10021,3.56
10022,3.71
10023,3.76
10024,4.39
10025,2.89
10026,3.39
10027,3.21
10028,3.87
10029,3.44
10030,3.49
10031,2.92
10032,3.62
10033,3.29
10034,3.46
10035,3.8
10036,3.35
10037,3.62
10038,3.01
10039,3.73
10040,3.55
10041,3.22
10042,3.18
10043,3.91
10044,3.51
10045,3.53
10046,3.36
10047,3.7
10048,3.29
10049,3.59
10050,3.9
10051,
10052,2.79
10053,3.45
10054,4.17
10055,3.33
10056,3.71
10057,4.05
10058,3.42
10059,3.34
10060,3.67
10061,3.11
10062,4.05
10063,3.75
10064,3.7
10065,3.33
10066,4.29
10067,3.68
10068,3.68
10069,4.34
10070,4.28
10071,3.41
10072,3.82
10073,3.4
10074,3.88
10075,3.96
10076,3.51
10077,3.32
10078,3.42
10079,3.92
10080,4.24
10081,2.91
10082,3.63
10083,3.46
10084,3.66
10085,3.11
10086,4.06
10087,3.75
10088,3.14
10089,3.57
10090,3.21
10091,3.14
10092,3.15
10093,3.49
10094,3.96
10095,3.65
10096,2.85
10097,3.6
10098,3.44
10099,3.06
10100,4.0
10101,3.69
10102,3.72
10103,3.52
10104,3.75
10105,2.97
10106,3.88
10107,3.38
10108,3.76
10109,2.94
10110,3.16
10111,3.82
10112,3.53
10113,3.11
10114,3.74
10115,3.21
10116,3.76
10117,3.6
10118,3.93
10119,3.44
10120,3.75
10121,3.17
10122,3.84
10123,2.94
10124,3.91
10125,3.53
10126,3.74
10127,3.62
10128,3.23
10129,4.42
10130,3.29
10131,3.7
10132,3.51
10133,3.44
10134,3.54
10135,3.22
10136,3.55
10137,3.33
10138,3.34
10139,3.16
10140,3.87
10141,3.68
10142,3.77
10143,2.79
10144,2.7
10145,3.56
10146,3.83
10147,
10148,3.38
10149,4.14
10150,3.72
10151,3.52
10152,3.55
10153,3.66
10154,3.86
10155,3.15
10156,3.28
10157,3.95
10158,3.12
10159,3.61
10160,3.16
10161,3.82
10162,2.94
10163,3.53
10164,3.47
10165,3.96
10166,3.76
10167,3.54
10168,3.0
10169,3.47
10170,3.9
10171,2.84
10172,3.56
10173,3.99
10174,3.57
10175,3.16
10176,3.47
10177,3.03
10178,3.55
10179,2.92
10180,
10181,3.61
10182,3.24
10183,3.51
10184,3.67
10185,2.98
10186,3.09
10187,3.89
10188,3.4
10189,3.67
10190,3.37
10191,3.38
10192,3.3
10193,3.19
10194,3.93
10195,3.5
10196,3.86
10197,4.2
10198,4.07
10199,2.93
10200,4.37
10201,3.06
10202,3.27
10203,3.62
10204,3.59
10205,3.8
10206,3.71
10207,3.51
10208,3.82
10209,3.5
10210,3.78
10211,3.12
10212,3.75
10213,3.37
10214,3.39
10215,
10216,3.37
10217,3.5
10218,3.52
10219,4.19
10220,3.24
10221,2.92
10222,4.01
10223,3.05
10224,
10225,3.46
10226,3.54
10227,3.52
10228,3.34
10229,3.77
10230,2.93
10231,4.05
10232,3.51
10233,3.47
10234,3.97
10235,3.82
10236,2.73
10237,3.4
10238,4.52
10239,3.29
10240,3.49
10241,4.13
10242,3.89
10243,3.49
10244,3.81
10245,2.93
10246,4.6
10247,3.66
10248,3.08
10249,3.69
10250,3.48
10251,3.04
10252,4.08
10253,3.58
10254,3.97
10255,3.53
10256,4.21
10257,2.81
10258,3.43
10259,4.08
10260,4.24
10261,3.66
10262,4.21
10263,3.2
10264,2.77
10265,3.27
10266,4.24
10267,3.11
10268,3.9
10269,3.02
10270,3.83
10271,4.34
10272,2.51
10273,3.2
10274,4.15
10275,3.26
10276,3.59
10277,3.94
10278,2.92
10279,3.71
10280,3.64
10281,3.79
10282,4.0
10283,2.8
10284,
10285,3.79
10286,3.92
10287,3.23
10288,3.75
10289,3.78
10290,3.59
10291,2.71
10292,3.77
10293,4.22
10294,4.13
10295,3.71
10296,4.55
10297,4.16
10298,2.95
10299,2.86
10300,3.71
10301,3.18
10302,3.65
10303,4.04
10304,3.27
10305,3.57
10306,3.12
10307,3.22
10308,3.44
10309,3.6
10310,3.63
10311,2.99
10312,3.77
10313,3.1
10314,3.98
10315,3.81
10316,3.99
10317,3.68
10318,3.44
10319,3.58
10320,3.3
10321,3.61
10322,3.48
10323,4.09
10324,3.26
10325,3.18
10326,3.86
10327,3.82
10328,4.07
10329,2.66
10330,3.9
10331,3.21
10332,3.14
10333,3.63
10334,3.51
10335,3.03
10336,2.9
10337,4.35
10338,3.21
10339,3.47
10340,3.74
10341,2.98
10342,3.42
10343,3.61
10344,3.83
10345,3.8
10346,3.55
10347,3.46
10348,3.32
10349,4.03
10350,3.3
10351,3.08
10352,4.01
10353,3.4
10354,4.31
10355,3.53
10356,3.6
10357,3.53
10358,3.47
10359,3.58
10360,3.9
10361,3.48
10362,2.98
10363,4.31
10364,3.08
10365,2.74
10366,3.64
10367,3.71
10368,3.62
10369,3.54
10370,3.77
10371,3.27
10372,3.37
10373,3.03
10374,3.67
10375,4.04
10376,3.4
10377,3.93
10378,3.09
10379,3.59
10380,3.71
10381,3.27
10382,3.46
10383,4.09
10384,4.33
10385,4.35
10386,
10387,4.25
10388,3.67
10389,3.44
10390,4.13
10391,3.66
10392,3.77
10393,3.63
10394,3.11
10395,3.64
10396,3.61
10397,3.71
10398,2.97
10399,3.96
10400,3.53
10401,3.31
10402,3.7
10403,3.93
10404,3.81
10405,3.73
10406,3.14
10407,2.93
10408,3.66
10409,3.97
10410,3.79
10411,3.15
10412,3.48
10413,2.85
10414,3.36
10415,3.31
10416,
10417,3.91
10418,4.17
10419,3.29
10420,3.35
10421,3.14
10422,3.93
10423,3.76
10424,4.28
10425,3.7
10426,3.47
10427,3.54
10428,3.74
10429,3.93
10430,3.69
10431,3.56
10432,2.54
10433,3.73
10434,
10435,3.41
10436,3.46
10437,3.98
10438,3.5
10439,3.55
10440,3.95
10441,4.2
10442,3.26
10443,3.85
10444,3.62
10445,
10446,3.68
10447,3.32
10448,4.13
10449,3.19
10450,3.34
10451,3.52
10452,3.22
10453,3.42
10454,3.03
10455,
10456,3.49
10457,4.53
10458,3.14
10459,
10460,3.39
10461,3.33
10462,4.0
10463,3.24
10464,3.31
10465,3.74
10466,3.42
10467,3.27
10468,3.45
10469,3.96
10470,4.02
10471,3.19
10472,3.46
10473,3.32
10474,3.44
10475,3.8
10476,3.81
10477,3.48
10478,3.61
10479,3.62
10480,2.85
10481,3.62
10482,3.27
10483,3.2
10484,3.25
10485,3.56
10486,3.06
10487,3.52
10488,3.16
10489,3.56
10490,4.39
10491,4.29
10492,3.49
10493,3.55
10494,3.92
10495,3.37
10496,3.69
10497,3.97
10498,2.67
10499,3.38
10500,3.24
10501,3.52
10502,4.11
10503,3.46
10504,
10505,3.77
10506,3.88
10507,3.21
10508,3.41
10509,3.49
10510,3.1
10511,3.05
10512,3.42
10513,3.84
10514,3.11
10515,4.65
10516,4.11
10517,2.76
10518,3.45
10519,3.41
10520,3.52
10521,3.88
10522,3.66
10523,3.79
10524,3.5
10525,3.11
10526,2.76
10527,3.14
10528,3.63
10529,3.6
10530,3.64
10531,3.4
10532,3.71
10533,3.71
10534,3.63
10535,3.28
10536,3.46
10537,3.38
10538,4.24
10539,3.7
10540,3.6
10541,3.19
10542,3.8
10543,3.86
10544,3.18
10545,3.52
10546,3.8
10547,3.46
10548,3.88
10549,2.97
10550,4.16
10551,3.52
10552,3.23
10553,3.41
10554,3.7
10555,3.27
10556,4.04
10557,3.37
10558,3.34
10559,3.4
10560,3.4
10561,3.73
10562,3.24
10563,3.57
10564,4.47
10565,3.71
10566,3.84
10567,4.07
10568,3.49
10569,3.86
10570,3.76
10571,3.06
10572,3.29
10573,3.94
10574,3.6
10575,3.4
10576,3.14
10577,3.93
10578,2.53
10579,2.98
10580,3.77
10581,3.4
10582,3.22
10583,3.18
10584,3.63
10585,4.03
10586,4.11
10587,4.24
10588,3.32
10589,3.63
10590,4.1
10591,3.42
10592,4.06
10593,2.61
10594,3.82
10595,4.04
10596,3.67
10597,3.48
10598,3.18
10599,3.82
10600,3.11
10601,3.21
10602,3.22
10603,3.86
10604,4.08
10605,4.35
10606,3.12
10607,3.74
10608,3.63
10609,3.61
10610,3.73
10611,3.65
10612,3.82
10613,3.3
10614,3.98
10615,3.66
10616,3.88
10617,4.15
10618,3.42
10619,3.55
10620,3.33
10621,2.8
10622,3.99
10623,3.17
10624,3.24
10625,4.23
10626,2.94
10627,4.2
10628,2.91
10629,3.54
10630,4.01
10631,3.69
10632,3.76
10633,3.32
10634,2.6
10635,3.64
10636,3.14
10637,3.23
10638,3.89
10639,2.81
10640,3.49
10641,4.18
10642,3.2
10643,3.7
10644,3.55
10645,3.09
10646,3.51
10647,3.05
10648,3.76
10649,3.55
10650,4.2
10651,3.72
10652,3.81
10653,3.21
10654,
10655,3.74
10656,3.32
10657,3.24
10658,3.78
10659,3.87
10660,3.78
10661,3.92
10662,3.75
10663,3.8
10664,3.15
10665,3.59
10666,3.12
10667,3.08
10668,3.48
10669,
10670,3.24
10671,3.85
10672,3.27
10673,3.34
10674,3.93
10675,3.62
10676,2.83
10677,3.38
10678,3.24
10679,3.27
10680,2.73
10681,3.97
10682,2.62
10683,3.04
10684,3.32
10685,3.43
10686,4.41
10687,4.02
10688,3.22
10689,3.38
10690,3.51
10691,4.67
10692,3.17
10693,3.58
10694,3.85
10695,3.58
10696,3.45
10697,4.08
10698,3.11
10699,3.31
10700,3.21
10701,
10702,3.36
10703,3.93
10704,3.24
10705,3.74
10706,3.84
10707,3.85
10708,3.23
10709,3.44
10710,3.25
10711,3.48
10712,3.17
10713,3.7
10714,3.19
10715,3.42
10716,3.59
10717,3.78
10718,3.48
10719,3.37
10720,3.22
10721,3.29
10722,2.93
10723,3.71
10724,2.9
10725,3.51
10726,3.76
10727,3.98
10728,4.14
10729,3.0
10730,3.46
10731,3.24
10732,3.33
10733,3.17
10734,3.35
10735,3.37
10736,3.36
10737,4.08
10738,3.1
10739,3.66
10740,4.37
10741,3.89
10742,4.35
10743,3.91
10744,3.19
10745,3.14
10746,3.74
10747,3.6
10748,4.01
10749,3.25
10750,3.46
10751,3.46
10752,3.59
10753,3.6
10754,3.06
10755,3.21
10756,2.98
10757,3.14
10758,4.17
10759,3.13
10760,3.13
10761,3.75
10762,3.56
10763,4.08
10764,2.94
10765,3.95
10766,3.1
10767,3.34
10768,3.51
10769,3.67
10770,3.08
10771,3.09
10772,3.79
10773,3.6
10774,3.0
10775,3.99
10776,3.24
10777,4.16
10778,3.34
10779,3.61
10780,3.38
10781,4.16
10782,2.96
10783,2.55
10784,3.33
10785,
10786,3.34
10787,3.21
10788,3.94
10789,3.33
10790,3.2
10791,3.34
10792,3.04
10793,3.17
10794,3.37
10795,3.13
10796,3.82
10797,3.43
10798,3.69
10799,3.24
10800,3.74
10801,2.94
10802,4.14
10803,3.33
10804,3.59
10805,
10806,3.14
10807,3.68
10808,3.54
10809,4.36
10810,
10811,2.94
10812,4.02
10813,3.08
10814,3.62
10815,3.81
10816,3.3
10817,2.74
10818,3.81
10819,3.72
10820,3.78
10821,3.85
10822,3.42
10823,3.41
10824,3.32
10825,3.32
10826,3.64
10827,3.4
10828,3.39
10829,4.05
10830,2.72
10831,3.45
10832,3.72
10833,3.61
10834,3.82
10835,3.88
10836,3.47
10837,3.05
10838,3.86
10839,2.95
10840,2.8
10841,3.32
10842,3.39
10843,4.2
10844,2.73
10845,4.08
10846,4.15
10847,3.02
10848,3.25
10849,3.33
10850,3.58
10851,3.68
10852,4.47
10853,3.43
10854,3.03
10855,3.07
10856,3.39
10857,4.23
10858,2.96
10859,3.63
10860,4.06
10861,2.74
10862,3.45
10863,3.43
10864,3.85
10865,3.13
10866,3.18
10867,3.07
10868,3.56
10869,3.73
10870,3.69
10871,3.29
10872,3.44
10873,3.05
10874,3.11
10875,3.07
10876,3.23
10877,3.96
10878,3.25
10879,4.12
10880,
10881,4.18
10882,3.92
10883,3.45
10884,3.91
10885,3.34
10886,2.78
10887,2.99
10888,3.32
10889,3.76
10890,3.86
10891,3.38
10892,3.67
10893,4.04
10894,3.85
10895,3.58
10896,3.43
10897,3.25
10898,3.69
10899,3.54
10900,3.78
10901,
10902,4.38
10903,3.64
10904,3.08
10905,3.32
10906,3.26
10907,3.91
10908,
10909,3.06
10910,2.99
10911,3.57
10912,3.86
10913,4.0
10914,3.8
10915,
10916,3.57
10917,4.22
10918,3.4
10919,3.49
10920,3.36
10921,3.55
10922,3.4
10923,3.72
10924,3.6
10925,3.11
10926,2.72
10927,3.67
10928,3.41
10929,2.91
10930,3.85
10931,3.0
10932,3.1
10933,3.72
10934,4.1
10935,2.89
10936,3.39
10937,3.36
10938,3.63
10939,3.29
10940,3.02
10941,3.33
10942,3.67
10943,3.97
10944,4.03
10945,3.34
10946,3.2
10947,3.64
10948,4.04
10949,3.38
10950,3.62
10951,3.41
10952,3.6
10953,3.39
10954,3.98
10955,4.21
10956,3.59
10957,3.32
10958,3.15
10959,3.85
10960,3.5
10961,4.12
10962,3.78
10963,3.26
10964,3.55
10965,3.37
10966,2.99
10967,3.36
10968,3.54
10969,3.28
10970,3.4
10971,3.36
10972,3.42
10973,3.6
10974,3.08
10975,3.44
10976,3.42
10977,3.91
10978,2.91
10979,3.64
10980,3.93
10981,3.96
10982,4.21
10983,3.46
10984,3.77
10985,4.15
10986,3.14
10987,
10988,3.85
10989,4.15
10990,3.53
10991,3.72
10992,3.45
10993,3.13
10994,3.77
10995,3.96
10996,3.24
10997,3.37
10998,3.59
10999,
11000,4.07
